,Date,CusLocation,Age,Gender,MobileName,SellPrice,Doeshe/sheComefromFacebookPage?,Doeshe/sheFollowedOurPage?,Didhe/shebuyanymobilebefore?,Didhe/shehearofourshopbefore?
1584,2024-01-06,Inside Rangamati,43,F,Galaxy A55 5G 8/128,39413.0,No,Yes,No,Yes
3648,2025-03-19,Outside Rangamati,23,M,Galaxy A55 5G 8/128,39866.0,No,No,No,Yes
2659,2024-11-10,Inside Rangamati,27,F,Galaxy A55 5G 8/128,39692.0,No,No,Yes,No
2718,2024-11-10,Inside Rangamati,26,F,Galaxy A55 5G 8/128,39322.0,Yes,No,No,No
7770,2024-11-11,Rangamati Sadar,18,M,Galaxy A55 5G 8/128,38995.0,Yes,Yes,No,Yes
7784,2024-11-11,Rangamati Sadar,26,M,Galaxy A55 5G 8/128,39077.0,No,No,Yes,Yes
119,2024-11-13,Inside Rangamati,26,F,Galaxy A55 5G 8/128,39191.0,Yes,Yes,Yes,Yes
3014,2024-11-13,Outside Rangamati,30,M,Galaxy A55 5G 8/128,39868.0,Yes,No,No,No
8817,2024-12-24,Rangamati Sadar,37,F,Galaxy A55 5G 8/128,39160.0,No,Yes,No,Yes
7864,2024-11-13,Rangamati Sadar,25,F,Galaxy A55 5G 8/128,39296.0,No,No,No,Yes
3057,2024-11-15,Outside Rangamati,46,M,Galaxy A55 5G 8/128,38991.0,No,No,No,Yes
236,2024-11-17,Inside Rangamati,35,M,Galaxy A55 5G 8/128,39039.0,Yes,No,No,Yes
353,2024-11-17,Inside Rangamati,23,M,Galaxy A55 5G 8/128,39002.0,No,No,No,Yes
337,2025-04-01,Inside Rangamati,28,M,Galaxy A55 5G 8/128,39808.0,No,No,No,Yes
3159,2024-11-22,Outside Rangamati,38,M,Galaxy A55 5G 8/128,39714.0,Yes,Yes,No,Yes
1155,2024-11-25,Inside Rangamati,24,F,Galaxy A55 5G 8/128,39113.0,No,Yes,No,No
3206,2024-11-25,Outside Rangamati,20,F,Galaxy A55 5G 8/128,39136.0,Yes,No,Yes,No
3050,2024-11-15,Outside Rangamati,48,F,Galaxy A55 5G 8/128,39411.0,No,No,No,Yes
7553,2024-10-31,Rangamati Sadar,25,M,Galaxy A55 5G 8/128,39542.0,No,Yes,No,No
2707,2025-02-20,Inside Rangamati,43,M,Galaxy A55 5G 8/128,39578.0,Yes,No,No,Yes
6232,2025-02-02,Rangamati Sadar,29,M,Galaxy A55 5G 8/128,39878.0,No,No,No,No
6139,2025-01-28,Rangamati Sadar,48,M,Galaxy A55 5G 8/128,39881.0,Yes,No,No,No
6175,2025-01-29,Rangamati Sadar,27,M,Galaxy A55 5G 8/128,38995.0,No,No,Yes,No
6017,2025-01-31,Rangamati Sadar,19,M,Galaxy A55 5G 8/128,39450.0,Yes,Yes,No,Yes
198,2025-02-01,Inside Rangamati,22,F,Galaxy A55 5G 8/128,39714.0,No,No,Yes,Yes
3723,2025-02-27,Outside Rangamati,48,M,Galaxy A55 5G 8/128,39564.0,No,Yes,Yes,No
3782,2025-02-26,Outside Rangamati,46,M,Galaxy A55 5G 8/128,39571.0,Yes,No,Yes,No
1623,2025-02-26,Inside Rangamati,18,F,Galaxy A55 5G 8/128,39189.0,No,No,No,No
1840,2025-02-25,Inside Rangamati,28,F,Galaxy A55 5G 8/128,39134.0,Yes,No,No,Yes
3381,2025-02-22,Outside Rangamati,44,F,Galaxy A55 5G 8/128,39766.0,No,No,No,No
7038,2025-02-21,Rangamati Sadar,42,M,Galaxy A55 5G 8/128,39232.0,Yes,No,Yes,Yes
8860,2024-12-24,Rangamati Sadar,32,F,Galaxy A55 5G 8/128,39073.0,Yes,Yes,No,No
3372,2025-02-21,Outside Rangamati,32,M,Galaxy A55 5G 8/128,39397.0,Yes,Yes,No,No
1775,2025-02-20,Inside Rangamati,27,M,Galaxy A55 5G 8/128,39815.0,Yes,No,No,Yes
6774,2025-02-18,Rangamati Sadar,37,F,Galaxy A55 5G 8/128,39761.0,Yes,Yes,No,Yes
2722,2025-02-18,Inside Rangamati,30,F,Galaxy A55 5G 8/128,39653.0,Yes,No,No,Yes
3328,2025-02-16,Outside Rangamati,39,F,Galaxy A55 5G 8/128,39079.0,No,No,No,Yes
6841,2025-02-13,Rangamati Sadar,29,F,Galaxy A55 5G 8/128,39325.0,No,No,No,No
2976,2024-11-28,Outside Rangamati,46,M,Galaxy A55 5G 8/128,38937.0,Yes,No,No,Yes
693,2025-01-22,Inside Rangamati,49,M,Galaxy A55 5G 8/128,39778.0,Yes,No,No,Yes
8815,2024-12-22,Rangamati Sadar,31,M,Galaxy A55 5G 8/128,39435.0,Yes,No,Yes,No
1382,2024-12-18,Inside Rangamati,48,M,Galaxy A55 5G 8/128,39673.0,No,No,No,Yes
938,2024-04-09,Inside Rangamati,32,M,Galaxy A55 5G 8/128,199849.0,Yes,No,No,Yes
6435,2024-06-13,Rangamati Sadar,29,F,Galaxy A55 5G 8/128,38979.0,Yes,No,No,Yes
8407,2024-03-08,Rangamati Sadar,33,M,Galaxy A55 5G 8/128,39179.0,No,No,No,Yes
2856,2024-03-11,Inside Rangamati,39,F,Galaxy A55 5G 8/128,38938.0,No,No,No,No
5474,2024-05-28,Outside Rangamati,25,F,Galaxy A55 5G 8/128,39584.0,No,Yes,No,No
7371,2024-06-12,Rangamati Sadar,50,M,Galaxy A55 5G 8/128,39338.0,No,No,Yes,Yes
2788,2024-05-07,Inside Rangamati,21,M,Galaxy A55 5G 8/128,38951.0,Yes,Yes,Yes,No
7802,2024-03-10,Rangamati Sadar,19,M,Galaxy A55 5G 8/128,39084.0,No,Yes,No,No
1713,2024-06-16,Inside Rangamati,47,M,Galaxy A55 5G 8/128,39112.0,No,Yes,No,Yes
2660,2024-02-07,Inside Rangamati,50,F,Galaxy A55 5G 8/128,39542.0,No,No,No,Yes
8478,2024-02-09,Rangamati Sadar,24,F,Galaxy A55 5G 8/128,39447.0,No,No,No,No
3047,2024-03-11,Outside Rangamati,37,M,Galaxy A55 5G 8/128,39887.0,Yes,Yes,No,No
5138,2024-02-07,Outside Rangamati,37,F,Galaxy A55 5G 8/128,39888.0,Yes,No,No,Yes
5319,2024-02-06,Outside Rangamati,38,M,Galaxy A55 5G 8/128,39598.0,No,Yes,No,Yes
8331,2024-04-08,Rangamati Sadar,41,F,Galaxy A55 5G 8/128,39597.0,No,Yes,No,No
6607,2025-12-03,Rangamati Sadar,23,M,Galaxy A55 5G 8/128,39094.0,No,No,No,Yes
4652,2024-06-18,Outside Rangamati,41,F,Galaxy A55 5G 8/128,39376.0,No,No,Yes,Yes
952,2024-04-09,Inside Rangamati,28,M,Galaxy A55 5G 8/128,39496.0,No,No,Yes,Yes
8238,2024-01-08,Rangamati Sadar,43,M,Galaxy A55 5G 8/128,39855.0,Yes,Yes,Yes,No
3133,2024-06-11,Outside Rangamati,20,F,Galaxy A55 5G 8/128,39186.0,Yes,No,No,No
3866,2024-12-17,Outside Rangamati,22,F,Galaxy A55 5G 8/128,39535.0,No,Yes,No,Yes
3864,2024-12-17,Outside Rangamati,48,M,Galaxy A55 5G 8/128,39046.0,Yes,Yes,Yes,Yes
3996,2024-12-13,Outside Rangamati,41,M,Galaxy A55 5G 8/128,39879.0,No,No,No,Yes
2608,2025-03-19,Inside Rangamati,28,F,Galaxy A55 5G 8/128,39358.0,No,No,No,Yes
2830,2025-03-20,Inside Rangamati,31,F,Galaxy A55 5G 8/128,39385.0,No,Yes,No,Yes
2702,2024-12-10,Inside Rangamati,22,M,Galaxy A55 5G 8/128,39662.0,Yes,No,No,Yes
308,2024-12-08,Inside Rangamati,38,M,Galaxy A55 5G 8/128,39884.0,No,Yes,Yes,Yes
2291,2025-03-21,Inside Rangamati,22,M,Galaxy A55 5G 8/128,39892.0,No,No,No,No
6368,2024-12-06,Rangamati Sadar,49,F,Galaxy A55 5G 8/128,39813.0,No,Yes,No,No
5723,2024-12-06,Outside Rangamati,42,F,Galaxy A55 5G 8/128,39469.0,No,No,No,Yes
2910,2024-11-29,Outside Rangamati,22,F,Galaxy A55 5G 8/128,39395.0,No,No,No,No
925,2024-12-12,Inside Rangamati,42,M,Galaxy A55 5G 8/128,39340.0,No,No,No,Yes
1551,2024-06-20,Inside Rangamati,44,M,Galaxy A55 5G 8/128,39878.0,Yes,No,No,No
1692,2025-02-28,Inside Rangamati,41,M,Galaxy A55 5G 8/128,39779.0,No,Yes,No,Yes
520,2024-05-10,Inside Rangamati,22,F,Galaxy A55 5G 8/128,39716.0,No,No,No,Yes
2040,2025-11-03,Inside Rangamati,26,F,Galaxy A55 5G 8/128,39386.0,No,No,Yes,Yes
5057,2024-05-09,Outside Rangamati,35,M,Galaxy A55 5G 8/128,39899.0,No,Yes,No,No
8796,2024-12-20,Rangamati Sadar,20,F,Galaxy A55 5G 8/128,39068.0,No,No,Yes,Yes
732,2025-01-20,Inside Rangamati,28,F,Galaxy A55 5G 8/128,38962.0,No,No,Yes,No
773,2024-11-12,Inside Rangamati,50,M,Galaxy A55 5G 8/128,39280.0,No,Yes,No,Yes
4158,2025-01-18,Outside Rangamati,37,F,Galaxy A55 5G 8/128,39189.0,No,Yes,No,Yes
1619,2024-10-21,Inside Rangamati,22,M,Galaxy A55 5G 8/128,39305.0,Yes,No,Yes,No
6382,2025-04-03,Rangamati Sadar,43,F,Galaxy A55 5G 8/128,39618.0,No,Yes,No,Yes
5708,2024-09-06,Outside Rangamati,49,F,Galaxy A55 5G 8/128,38911.0,Yes,Yes,No,Yes
7742,2024-10-19,Rangamati Sadar,32,F,Galaxy A55 5G 8/128,39428.0,Yes,No,No,No
371,2025-05-01,Inside Rangamati,26,F,Galaxy A55 5G 8/128,39214.0,No,Yes,Yes,Yes
7647,2024-10-10,Rangamati Sadar,32,M,Galaxy A55 5G 8/128,39702.0,No,No,No,Yes
1074,2024-10-09,Inside Rangamati,46,M,Galaxy A55 5G 8/128,111073.0,No,No,No,Yes
1073,2024-10-09,Inside Rangamati,33,F,Galaxy A55 5G 8/128,38912.0,No,Yes,No,No
94,2024-10-08,Inside Rangamati,38,F,Galaxy A55 5G 8/128,38929.0,No,No,No,Yes
2401,2024-10-07,Inside Rangamati,43,M,Galaxy A55 5G 8/128,39394.0,No,No,No,No
5555,2024-10-16,Outside Rangamati,25,F,Galaxy A55 5G 8/128,39696.0,No,No,No,No
3294,2024-10-30,Outside Rangamati,35,M,Galaxy A55 5G 8/128,39274.0,No,Yes,No,Yes
4882,2024-08-30,Outside Rangamati,42,F,Galaxy A55 5G 8/128,39890.0,No,Yes,No,No
8833,2024-08-22,Rangamati Sadar,43,F,Galaxy A55 5G 8/128,39641.0,No,No,No,Yes
2787,2025-11-02,Inside Rangamati,42,M,Galaxy A55 5G 8/128,39186.0,Yes,No,Yes,No
6772,2024-06-29,Rangamati Sadar,36,F,Galaxy A55 5G 8/128,39314.0,No,No,Yes,Yes
8345,2025-11-01,Rangamati Sadar,18,M,Galaxy A55 5G 8/128,39733.0,No,Yes,No,No
5508,2024-10-23,Outside Rangamati,19,M,Galaxy A55 5G 8/128,39758.0,No,Yes,No,Yes
6321,2024-07-06,Rangamati Sadar,18,M,Galaxy A55 5G 8/128,39458.0,Yes,No,No,No
7683,2024-10-23,Rangamati Sadar,39,M,Galaxy A55 5G 8/128,39528.0,Yes,No,No,Yes
3278,2024-10-30,Outside Rangamati,28,F,Galaxy A55 5G 8/128,39506.0,No,No,No,No
4951,2024-09-07,Outside Rangamati,26,F,Galaxy A55 5G 8/128,39237.0,No,No,No,No
8573,2024-09-09,Rangamati Sadar,27,F,Galaxy A55 5G 8/128,39345.0,Yes,No,No,No
2354,2024-09-10,Inside Rangamati,19,M,Galaxy A55 5G 8/128,39808.0,Yes,No,No,Yes
836,2024-09-12,Inside Rangamati,42,M,Galaxy A55 5G 8/128,39212.0,Yes,No,No,No
4123,2024-09-12,Outside Rangamati,46,F,Galaxy A55 5G 8/128,39796.0,Yes,No,No,Yes
8578,2024-09-12,Rangamati Sadar,47,M,Galaxy A55 5G 8/128,39178.0,No,Yes,No,Yes
1005,2024-09-13,Inside Rangamati,35,F,Galaxy A55 5G 8/128,39077.0,No,Yes,No,Yes
7366,2024-09-13,Rangamati Sadar,38,M,Galaxy A55 5G 8/128,38902.0,No,No,No,No
6434,2025-06-03,Rangamati Sadar,19,F,Galaxy A55 5G 8/128,39360.0,No,Yes,No,Yes
4496,2024-09-16,Outside Rangamati,18,F,Galaxy A55 5G 8/128,39674.0,No,Yes,Yes,Yes
3561,2025-06-02,Outside Rangamati,34,M,Galaxy A55 5G 8/128,39429.0,No,Yes,No,Yes
3606,2025-03-15,Outside Rangamati,43,M,Galaxy A55 5G 8/128,39246.0,No,No,Yes,No
7440,2024-09-18,Rangamati Sadar,39,M,Galaxy A55 5G 8/128,39051.0,No,No,No,Yes
4777,2024-09-21,Outside Rangamati,28,F,Galaxy A55 5G 8/128,39643.0,No,Yes,No,Yes
7146,2024-09-24,Rangamati Sadar,19,F,Galaxy A55 5G 8/128,39883.0,No,Yes,No,No
1193,2024-09-25,Inside Rangamati,25,F,Galaxy A55 5G 8/128,39116.0,No,No,No,No
311,2025-06-01,Inside Rangamati,21,F,Galaxy A55 5G 8/128,39784.0,Yes,No,Yes,No
7722,2024-10-28,Rangamati Sadar,39,M,Galaxy A55 5G 8/128,39900.0,No,Yes,Yes,No
4175,2025-11-01,Outside Rangamati,46,M,Galaxy A55 5G 8/128,39480.0,No,No,No,No
1067,2024-09-18,Inside Rangamati,21,F,Galaxy A55 5G 8/128,39487.0,Yes,Yes,No,Yes
7927,2024-07-11,Rangamati Sadar,33,M,Galaxy A55 5G 8/128,39755.0,No,No,Yes,Yes
2385,2024-08-10,Inside Rangamati,40,M,Galaxy A55 5G 8/128,39276.0,No,Yes,No,Yes
8587,2024-08-09,Rangamati Sadar,33,M,Galaxy A55 5G 8/128,39362.0,No,Yes,No,Yes
5089,2024-08-09,Outside Rangamati,31,F,Galaxy A55 5G 8/128,39721.0,Yes,Yes,Yes,Yes
743,2024-07-29,Inside Rangamati,23,F,Galaxy A55 5G 8/128,38925.0,No,No,No,Yes
3797,2025-07-03,Outside Rangamati,41,M,Galaxy A55 5G 8/128,39485.0,Yes,Yes,No,No
1878,2024-06-24,Inside Rangamati,25,M,Galaxy A55 5G 8/128,39596.0,Yes,No,No,Yes
1593,2024-10-31,Inside Rangamati,50,F,Galaxy A55 5G 8/128,39768.0,No,Yes,No,No
4808,2024-11-08,Outside Rangamati,36,F,Galaxy A55 5G 8/128,39467.0,Yes,Yes,No,No
3952,2024-12-26,Outside Rangamati,46,F,Galaxy A55 5G 8/128,39616.0,No,Yes,No,Yes
4201,2025-01-13,Outside Rangamati,33,M,Galaxy A55 5G 8/128,39856.0,Yes,No,Yes,No
8325,2025-01-13,Rangamati Sadar,34,F,Galaxy A55 5G 8/128,39031.0,No,Yes,No,Yes
8416,2025-01-15,Rangamati Sadar,23,M,Galaxy A55 5G 8/128,38917.0,Yes,No,Yes,Yes
4151,2025-01-16,Outside Rangamati,24,M,Galaxy A55 5G 8/128,39288.0,No,No,No,No
4162,2025-01-17,Outside Rangamati,45,F,Galaxy A55 5G 8/128,38971.0,Yes,No,Yes,Yes
4167,2025-01-17,Outside Rangamati,31,F,Galaxy A55 5G 8/128,39784.0,Yes,No,No,Yes
4168,2025-01-17,Outside Rangamati,44,F,Galaxy A55 5G 8/128,39151.0,No,No,No,No
3623,2025-10-03,Outside Rangamati,45,M,Galaxy A55 5G 8/128,39189.0,Yes,Yes,No,No
5388,2024-08-10,Outside Rangamati,43,F,Galaxy A55 5G 8/128,39719.0,No,No,No,No
8155,2024-08-13,Rangamati Sadar,26,M,Galaxy A55 5G 8/128,39162.0,No,No,No,No
4138,2025-01-15,Outside Rangamati,49,M,Galaxy A55 5G 8/128,39900.0,Yes,No,No,Yes
5003,2024-08-24,Outside Rangamati,28,M,Galaxy A55 5G 8/128,39863.0,Yes,No,No,Yes
8048,2025-10-01,Rangamati Sadar,49,M,Galaxy A55 5G 8/128,39594.0,No,No,No,Yes
8178,2024-08-14,Rangamati Sadar,27,F,Galaxy A55 5G 8/128,39871.0,Yes,No,No,Yes
8039,2025-10-01,Rangamati Sadar,24,F,Galaxy A55 5G 8/128,39332.0,No,Yes,Yes,No
4375,2025-10-01,Outside Rangamati,32,M,Galaxy A55 5G 8/128,39445.0,No,No,No,Yes
5180,2024-07-14,Outside Rangamati,31,M,Galaxy A55 5G 8/128,39609.0,No,Yes,No,Yes
2580,2024-07-16,Inside Rangamati,30,F,Galaxy A55 5G 8/128,39838.0,No,No,No,Yes
2470,2024-07-19,Inside Rangamati,19,M,Galaxy A55 5G 8/128,39715.0,No,No,No,No
2471,2024-07-19,Inside Rangamati,49,F,Galaxy A55 5G 8/128,38756.0,Yes,No,No,Yes
2317,2024-07-13,Inside Rangamati,26,F,Galaxy A55 5G 8/128,38911.0,No,No,Yes,Yes
6023,2024-07-27,Rangamati Sadar,37,M,Galaxy A55 5G 8/128,39391.0,Yes,No,Yes,Yes
8708,2024-08-18,Rangamati Sadar,40,F,Galaxy A55 5G 8/128,39062.0,Yes,Yes,No,No
1274,2024-08-18,Inside Rangamati,23,M,Galaxy A55 5G 8/128,39616.0,No,Yes,No,Yes
6184,2025-07-02,Rangamati Sadar,45,M,Galaxy A55 5G 8/128,39734.0,No,No,No,Yes
1256,2024-08-18,Inside Rangamati,38,F,Galaxy A55 5G 8/128,43038.0,No,No,No,No
5103,2024-08-16,Outside Rangamati,46,M,Galaxy A55 5G 8/128,39750.0,No,No,No,No
6251,2024-07-25,Rangamati Sadar,48,M,Galaxy A55 5G 8/128,39881.0,No,No,No,No
8109,2024-08-15,Rangamati Sadar,28,M,Galaxy A55 5G 8/128,39863.0,No,No,Yes,Yes
6775,2024-06-29,Rangamati Sadar,19,M,Galaxy M35 5G 8/128,199567.0,Yes,No,No,Yes
4632,2024-09-23,Outside Rangamati,50,M,Galaxy M35 5G 8/128,74956.0,No,No,No,Yes
7974,2024-05-10,Rangamati Sadar,49,F,Galaxy S24 Ultra 12/256,51009.0,No,No,No,Yes
3625,2025-11-03,Outside Rangamati,50,M,Galaxy S24 Ultra 12/256,103463.0,No,No,No,Yes
1063,2024-09-18,Inside Rangamati,50,F,Galaxy S24 Ultra 12/256,53261.0,No,No,Yes,Yes
3855,2024-02-12,Outside Rangamati,25,F,Galaxy S24 Ultra 12/256,54784.0,No,Yes,No,Yes
4640,2024-06-16,Outside Rangamati,40,F,Galaxy S24 Ultra 12/256,73104.0,No,Yes,Yes,Yes
515,2024-07-11,Inside Rangamati,37,F,Galaxy S24 Ultra 12/256,69646.0,No,No,No,Yes
654,2025-01-18,Inside Rangamati,28,F,Galaxy S24 Ultra 12/256,57454.0,No,Yes,No,No
5194,2024-04-09,Outside Rangamati,43,M,Galaxy S24 Ultra 12/256,64181.0,Yes,No,No,Yes
551,2024-07-21,Inside Rangamati,48,M,Galaxy S24 Ultra 12/256,68924.0,No,No,No,No
4598,2024-06-26,Outside Rangamati,35,M,Galaxy S24 Ultra 12/256,49458.0,No,No,No,No
2231,2024-10-20,Inside Rangamati,48,M,Galaxy S24 Ultra 12/256,40906.0,No,Yes,No,No
1427,2024-09-22,Inside Rangamati,47,M,Galaxy S24 Ultra 12/256,55424.0,No,Yes,Yes,Yes
5252,2024-03-06,Outside Rangamati,35,F,Galaxy S24 Ultra 12/256,73490.0,No,No,No,No
2559,2025-04-02,Inside Rangamati,23,M,Galaxy S24 Ultra 12/256,42259.0,No,No,No,No
7439,2024-09-18,Rangamati Sadar,28,F,Galaxy S24 Ultra 12/256,70858.0,Yes,Yes,Yes,Yes
6432,2025-06-03,Rangamati Sadar,50,M,Galaxy S24 Ultra 12/256,69422.0,Yes,No,No,No
7213,2024-09-28,Rangamati Sadar,27,M,Galaxy S24 Ultra 12/256,57624.0,No,No,No,Yes
4429,2024-09-15,Outside Rangamati,22,M,Galaxy S24 Ultra 12/256,103028.0,No,No,No,Yes
14,2024-11-15,Inside Rangamati,36,M,Galaxy S24 Ultra 12/256,50597.0,No,No,Yes,Yes
977,2024-09-14,Inside Rangamati,38,F,Galaxy S24 Ultra 12/256,44608.0,Yes,No,No,Yes
2862,2024-04-07,Inside Rangamati,41,F,Galaxy S24 Ultra 12/256,47275.0,Yes,No,Yes,Yes
7933,2024-09-11,Rangamati Sadar,27,F,Galaxy S24 Ultra 12/256,63551.0,Yes,No,No,Yes
7908,2024-09-10,Rangamati Sadar,30,M,Galaxy S24 Ultra 12/256,54395.0,No,Yes,No,No
5080,2024-06-28,Outside Rangamati,22,M,Galaxy S24 Ultra 12/256,74975.0,No,No,Yes,Yes
7266,2024-11-20,Rangamati Sadar,21,M,Galaxy S24 Ultra 12/256,56152.0,No,Yes,Yes,Yes
741,2024-11-11,Inside Rangamati,20,M,Galaxy S24 Ultra 12/256,48867.0,No,Yes,No,Yes
6198,2024-07-18,Rangamati Sadar,29,F,Galaxy S24 Ultra 12/256,40412.0,No,Yes,Yes,No
8473,2024-02-09,Rangamati Sadar,20,M,Galaxy S24 Ultra 12/256,42028.0,No,Yes,No,No
8398,2025-01-15,Rangamati Sadar,37,M,Galaxy S24 Ultra 12/256,103574.0,No,No,Yes,No
8033,2024-11-08,Rangamati Sadar,31,M,Galaxy S24 Ultra 12/256,54796.0,Yes,No,No,Yes
3357,2025-12-02,Outside Rangamati,20,M,Galaxy S24 Ultra 12/256,53118.0,Yes,No,No,Yes
6689,2024-01-07,Rangamati Sadar,45,F,Galaxy S24 Ultra 12/256,103000.0,No,No,No,Yes
424,2024-07-24,Inside Rangamati,28,F,Galaxy S24 Ultra 12/256,64501.0,No,Yes,Yes,No
4241,2025-01-22,Outside Rangamati,50,F,Galaxy S24 Ultra 12/256,42670.0,Yes,No,Yes,No
2075,2024-06-14,Inside Rangamati,43,M,Galaxy S24 Ultra 12/256,103568.0,Yes,Yes,No,Yes
3768,2025-02-25,Outside Rangamati,21,F,Galaxy S24 Ultra 12/256,56266.0,No,No,No,Yes
5258,2024-07-24,Outside Rangamati,41,M,Galaxy S24 Ultra 12/256,54342.0,No,No,No,Yes
8057,2024-07-08,Rangamati Sadar,39,F,Galaxy S24 Ultra 12/256,103020.0,Yes,No,No,No
6580,2025-03-14,Rangamati Sadar,43,M,Galaxy S24 Ultra 12/256,55115.0,Yes,No,No,No
6361,2024-07-06,Rangamati Sadar,30,M,Galaxy S24 Ultra 12/256,103321.0,No,Yes,No,No
2456,2025-02-02,Inside Rangamati,39,F,Galaxy S24 Ultra 12/256,103766.0,No,No,No,No
7959,2024-07-11,Rangamati Sadar,34,M,Galaxy S24 Ultra 12/256,49325.0,No,Yes,No,Yes
3352,2025-12-02,Outside Rangamati,38,F,Galaxy S24 Ultra 12/256,103817.0,No,No,No,No
2804,2025-11-02,Inside Rangamati,40,F,Galaxy S24 Ultra 12/256,42534.0,No,Yes,No,Yes
2814,2025-11-02,Inside Rangamati,20,F,Galaxy S24 Ultra 12/256,103495.0,Yes,Yes,Yes,Yes
4536,2024-07-15,Outside Rangamati,40,F,Galaxy S24 Ultra 12/256,47934.0,Yes,No,No,No
673,2025-01-20,Inside Rangamati,19,F,Galaxy S24 Ultra 12/256,103967.0,Yes,No,No,Yes
593,2025-01-18,Inside Rangamati,22,F,Galaxy S24 Ultra 12/256,74700.0,Yes,Yes,No,No
4426,2024-06-23,Outside Rangamati,49,F,Galaxy S24 Ultra 12/256,55131.0,No,No,No,No
4421,2024-07-16,Outside Rangamati,38,F,Galaxy S24 Ultra 12/256,68907.0,Yes,Yes,No,Yes
3831,2025-03-03,Outside Rangamati,38,F,Galaxy S24 Ultra 12/256,46369.0,No,No,No,No
2331,2025-09-02,Inside Rangamati,24,F,Galaxy S24 Ultra 12/256,64153.0,Yes,No,No,No
7781,2024-01-10,Rangamati Sadar,32,M,Galaxy S24 Ultra 12/256,42763.0,Yes,No,No,Yes
6156,2024-07-22,Rangamati Sadar,35,F,Galaxy S24 Ultra 12/256,72443.0,No,No,No,Yes
2126,2025-03-03,Inside Rangamati,36,F,Galaxy S24 Ultra 12/256,103835.0,No,Yes,No,No
7988,2024-11-08,Rangamati Sadar,34,M,Galaxy S24 Ultra 12/256,51667.0,No,Yes,No,Yes
7450,2024-09-18,Rangamati Sadar,22,F,Galaxy S24 Ultra 12/256,71597.0,No,Yes,No,Yes
1680,2024-10-15,Inside Rangamati,34,M,Galaxy S24 Ultra 12/256,103341.0,No,Yes,Yes,Yes
8474,2024-12-15,Rangamati Sadar,30,F,Galaxy S24 Ultra 12/256,103733.0,Yes,No,Yes,Yes
3867,2024-12-17,Outside Rangamati,36,M,Galaxy S24 Ultra 12/256,47357.0,Yes,No,Yes,No
3128,2024-06-11,Outside Rangamati,49,F,Galaxy S24 Ultra 12/256,50735.0,No,No,No,No
2365,2025-03-20,Inside Rangamati,45,F,Galaxy S24 Ultra 12/256,55471.0,No,No,No,Yes
1473,2024-12-22,Inside Rangamati,36,F,Galaxy S24 Ultra 12/256,44966.0,No,No,No,No
8585,2024-08-09,Rangamati Sadar,33,M,Galaxy S24 Ultra 12/256,64826.0,No,Yes,No,Yes
6498,2025-03-18,Rangamati Sadar,37,M,Galaxy S24 Ultra 12/256,48041.0,Yes,Yes,Yes,Yes
1927,2024-08-06,Inside Rangamati,43,F,Galaxy S24 Ultra 12/256,71658.0,Yes,Yes,No,No
2895,2024-03-07,Inside Rangamati,22,F,Galaxy S24 Ultra 12/256,103478.0,Yes,Yes,No,No
5563,2024-07-30,Outside Rangamati,28,M,Galaxy S24 Ultra 12/256,45016.0,Yes,Yes,No,Yes
4279,2024-12-31,Outside Rangamati,22,F,Galaxy S24 Ultra 12/256,54103.0,No,No,No,No
577,2024-07-27,Inside Rangamati,37,F,Galaxy S24 Ultra 12/256,70407.0,No,Yes,No,No
3903,2024-12-15,Outside Rangamati,29,F,Galaxy S24 Ultra 12/256,46250.0,No,Yes,No,No
8319,2025-01-13,Rangamati Sadar,50,F,Galaxy S24 Ultra 12/256,51490.0,No,Yes,No,No
7163,2024-09-20,Rangamati Sadar,20,M,Galaxy S24 Ultra 12/256,57774.0,No,No,Yes,Yes
2048,2024-06-06,Inside Rangamati,44,M,Galaxy S24 Ultra 12/256,71115.0,No,No,No,No
7475,2024-11-28,Rangamati Sadar,31,F,Galaxy S24 Ultra 12/256,46617.0,No,Yes,No,No
7447,2024-11-30,Rangamati Sadar,20,M,Galaxy S24 Ultra 12/256,103919.0,No,Yes,No,Yes
7449,2024-11-30,Rangamati Sadar,28,M,Galaxy S24 Ultra 12/256,62099.0,No,Yes,No,Yes
8702,2024-08-20,Rangamati Sadar,27,F,Galaxy S24 Ultra 12/256,103179.0,No,Yes,No,Yes
5007,2024-08-24,Outside Rangamati,42,F,Galaxy S24 Ultra 12/256,74360.0,No,No,Yes,Yes
5316,2024-12-10,Outside Rangamati,32,M,Galaxy S24 Ultra 12/256,62175.0,No,No,No,Yes
6441,2024-12-06,Rangamati Sadar,23,M,Galaxy S24 Ultra 12/256,43442.0,No,No,No,No
4615,2024-12-09,Outside Rangamati,30,F,Galaxy S24 Ultra 12/256,71366.0,No,Yes,No,Yes
8680,2024-08-21,Rangamati Sadar,45,M,Galaxy S24 Ultra 12/256,103130.0,No,No,No,Yes
7112,2024-11-23,Rangamati Sadar,46,M,Galaxy S24 Ultra 12/256,51616.0,Yes,Yes,No,No
798,2024-12-12,Inside Rangamati,18,M,Galaxy S24 Ultra 12/256,51018.0,No,Yes,No,Yes
204,2024-08-15,Inside Rangamati,33,F,Galaxy S24 Ultra 12/256,103181.0,Yes,No,Yes,No
4921,2024-12-07,Outside Rangamati,43,F,Galaxy S24 Ultra 12/256,48159.0,No,No,No,Yes
5483,2024-10-19,Outside Rangamati,43,F,Galaxy S24 Ultra 12/256,103955.0,Yes,Yes,No,Yes
6959,2024-06-18,Rangamati Sadar,30,M,Galaxy S24 Ultra 12/256,103637.0,No,No,No,Yes
5443,2024-10-20,Outside Rangamati,42,M,Galaxy S24 Ultra 12/256,62204.0,No,Yes,No,No
2157,2024-10-17,Inside Rangamati,32,F,Galaxy S24 Ultra 12/256,103944.0,No,Yes,No,Yes
7730,2024-10-16,Rangamati Sadar,19,F,Galaxy S24 Ultra 12/256,66714.0,No,No,No,No
7726,2024-10-16,Rangamati Sadar,21,F,Galaxy S24 Ultra 12/256,103870.0,No,No,Yes,No
6881,2024-05-07,Rangamati Sadar,41,F,Galaxy S24 Ultra 12/256,47257.0,No,No,No,Yes
5586,2024-10-15,Outside Rangamati,41,M,Galaxy S24 Ultra 12/256,68036.0,Yes,No,No,No
2872,2024-10-22,Inside Rangamati,45,F,Galaxy S24 Ultra 12/256,103075.0,No,No,No,No
921,2024-05-09,Inside Rangamati,46,F,Galaxy S24 Ultra 12/256,199640.0,No,Yes,Yes,Yes
1578,2024-10-14,Inside Rangamati,33,M,Galaxy S24 Ultra 12/256,50970.0,No,No,No,No
872,2024-12-14,Inside Rangamati,35,M,Galaxy S24 Ultra 12/256,55142.0,No,No,No,Yes
4394,2025-05-01,Outside Rangamati,50,F,Galaxy S24 Ultra 12/256,103296.0,Yes,No,No,Yes
4858,2024-05-07,Outside Rangamati,21,F,Galaxy S24 Ultra 12/256,52267.0,No,Yes,No,No
2982,2024-10-26,Outside Rangamati,37,F,Galaxy S24 Ultra 12/256,38773.0,No,Yes,Yes,Yes
2502,2025-05-02,Inside Rangamati,21,F,Galaxy S24 Ultra 12/256,39885.0,No,No,No,Yes
1072,2024-10-09,Inside Rangamati,23,M,Galaxy S24 Ultra 12/256,103062.0,No,Yes,No,No
915,2024-05-09,Inside Rangamati,23,M,Galaxy S24 Ultra 12/256,64856.0,No,No,No,No
7564,2024-10-30,Rangamati Sadar,37,F,Galaxy S24 Ultra 12/256,41037.0,No,No,Yes,No
7129,2024-11-21,Rangamati Sadar,44,F,Galaxy S24 Ultra 12/256,103021.0,Yes,No,No,Yes
6855,2024-04-07,Rangamati Sadar,18,F,Galaxy S24 Ultra 12/256,58613.0,Yes,No,No,Yes
7149,2024-11-24,Rangamati Sadar,30,M,Galaxy S24 Ultra 12/256,69159.0,No,Yes,Yes,No
8160,2024-08-13,Rangamati Sadar,45,F,Galaxy S24 Ultra 12/256,103541.0,No,No,No,Yes
4920,2024-08-30,Outside Rangamati,44,F,Galaxy S24 Ultra 12/256,58759.0,No,No,Yes,No
803,2024-12-12,Inside Rangamati,34,M,Galaxy S24 Ultra 12/256,73774.0,No,No,No,Yes
8723,2024-08-17,Rangamati Sadar,40,M,Galaxy S24 Ultra 12/256,67747.0,Yes,No,No,Yes
2120,2024-10-25,Inside Rangamati,50,M,Galaxy S24 Ultra 12/256,55339.0,Yes,Yes,No,Yes
3879,2024-12-19,Outside Rangamati,44,F,Moto G85 5G 8/128,141966.0,No,Yes,No,Yes
5834,2024-09-30,Outside Rangamati,33,F,Narzo N53 4/64,44006.0,Yes,Yes,Yes,No
4709,2024-06-15,Outside Rangamati,25,F,Narzo N53 4/64,40711.0,No,No,No,No
2259,2025-03-21,Inside Rangamati,23,M,Note 11S 6/128,44365.0,Yes,No,No,Yes
6615,2024-05-06,Rangamati Sadar,42,M,Note 11S 6/128,39479.0,Yes,No,No,Yes
6798,2024-06-07,Rangamati Sadar,37,F,Note 14 Pro 5G 8/256,38955.0,No,No,No,Yes
4270,2025-01-21,Outside Rangamati,21,M,Pixel 7a 8/128,44235.0,Yes,Yes,No,Yes
8722,2024-08-17,Rangamati Sadar,46,F,Pixel 7a 8/128,44123.0,Yes,Yes,No,Yes
5551,2024-07-30,Outside Rangamati,48,F,Pixel 7a 8/128,44670.0,Yes,Yes,No,Yes
3273,2024-11-21,Outside Rangamati,39,M,Pixel 7a 8/128,44508.0,No,No,Yes,Yes
235,2024-08-14,Inside Rangamati,24,F,Pixel 7a 8/128,44553.0,No,No,No,Yes
3708,2025-03-18,Outside Rangamati,49,F,Pixel 7a 8/128,44537.0,No,Yes,No,No
4883,2024-03-07,Outside Rangamati,37,M,Pixel 7a 8/128,44241.0,Yes,Yes,Yes,Yes
499,2024-08-11,Inside Rangamati,37,F,Pixel 7a 8/128,44225.0,No,Yes,No,Yes
7407,2024-06-12,Rangamati Sadar,24,M,Pixel 7a 8/128,44319.0,Yes,No,Yes,No
8772,2024-12-21,Rangamati Sadar,34,M,Pixel 7a 8/128,44311.0,No,No,No,No
1085,2024-08-12,Inside Rangamati,28,F,Pixel 7a 8/128,44168.0,No,No,No,Yes
2455,2024-07-18,Inside Rangamati,45,M,Pixel 7a 8/128,44959.0,Yes,No,No,No
4110,2024-08-12,Outside Rangamati,22,M,Pixel 7a 8/128,44318.0,Yes,No,Yes,Yes
858,2024-08-09,Inside Rangamati,29,M,Pixel 7a 8/128,44775.0,Yes,No,No,Yes
2673,2025-03-19,Inside Rangamati,32,F,Pixel 7a 8/128,44515.0,No,Yes,No,Yes
579,2024-07-31,Inside Rangamati,34,M,Pixel 7a 8/128,44969.0,Yes,No,Yes,Yes
609,2024-07-31,Inside Rangamati,27,F,Pixel 7a 8/128,44001.0,Yes,No,No,Yes
566,2024-07-22,Inside Rangamati,26,M,Pixel 7a 8/128,44970.0,No,No,No,Yes
5197,2024-08-17,Outside Rangamati,33,M,Pixel 7a 8/128,44253.0,Yes,No,No,No
8247,2025-01-18,Rangamati Sadar,39,M,Pixel 7a 8/128,44993.0,Yes,No,No,Yes
1164,2024-12-25,Inside Rangamati,32,M,Pixel 7a 8/128,44094.0,No,No,Yes,Yes
5123,2024-08-16,Outside Rangamati,38,F,Pixel 7a 8/128,44200.0,No,No,No,Yes
2358,2024-08-07,Inside Rangamati,24,F,Pixel 7a 8/128,44002.0,No,No,Yes,No
4086,2024-12-13,Outside Rangamati,30,M,Pixel 7a 8/128,44749.0,No,Yes,No,No
4957,2024-08-07,Outside Rangamati,31,M,Pixel 7a 8/128,44565.0,Yes,No,Yes,Yes
8455,2024-12-14,Rangamati Sadar,35,M,Pixel 7a 8/128,44665.0,No,No,No,Yes
5216,2024-03-09,Outside Rangamati,38,F,Pixel 7a 8/128,44717.0,No,Yes,No,Yes
4412,2025-06-01,Outside Rangamati,24,F,Pixel 7a 8/128,44545.0,Yes,No,No,Yes
137,2025-01-15,Inside Rangamati,37,M,Pixel 7a 8/128,44289.0,No,Yes,No,No
152,2025-12-01,Inside Rangamati,24,M,Pixel 7a 8/128,44494.0,No,No,Yes,No
580,2025-01-18,Inside Rangamati,21,M,Pixel 7a 8/128,44823.0,Yes,No,Yes,No
413,2025-01-27,Inside Rangamati,20,M,Pixel 7a 8/128,44248.0,No,No,No,No
8434,2024-12-16,Rangamati Sadar,38,F,Pixel 7a 8/128,44838.0,Yes,No,Yes,No
6164,2025-01-25,Rangamati Sadar,42,M,Pixel 7a 8/128,44243.0,Yes,Yes,No,No
1071,2024-11-30,Inside Rangamati,40,F,Pixel 7a 8/128,44135.0,Yes,No,No,No
3423,2025-02-20,Outside Rangamati,45,M,Pixel 7a 8/128,44090.0,No,Yes,No,Yes
6293,2024-12-06,Rangamati Sadar,46,M,Pixel 7a 8/128,44636.0,Yes,No,No,No
6341,2024-12-06,Rangamati Sadar,20,F,Pixel 7a 8/128,44154.0,No,No,No,Yes
255,2024-12-31,Inside Rangamati,50,M,Pixel 7a 8/128,44108.0,No,No,No,No
4212,2025-01-24,Outside Rangamati,37,F,Pixel 7a 8/128,44146.0,No,Yes,No,Yes
5922,2024-12-07,Rangamati Sadar,41,M,Pixel 7a 8/128,141214.0,No,No,No,Yes
2979,2024-11-30,Outside Rangamati,41,M,Pixel 7a 8/128,44891.0,No,No,No,No
4866,2024-08-27,Outside Rangamati,33,M,Pixel 7a 8/128,44358.0,No,No,No,No
7399,2024-07-12,Rangamati Sadar,28,M,Pixel 7a 8/128,44672.0,No,No,No,Yes
2099,2024-06-14,Inside Rangamati,41,M,Pixel 7a 8/128,44682.0,No,Yes,No,No
5232,2024-03-06,Outside Rangamati,46,F,Pixel 7a 8/128,44515.0,No,No,No,Yes
2406,2025-08-02,Inside Rangamati,43,M,Pixel 7a 8/128,44067.0,Yes,No,No,No
5608,2024-07-27,Outside Rangamati,40,F,Pixel 7a 8/128,44169.0,No,Yes,No,Yes
8522,2024-08-29,Rangamati Sadar,39,M,Pixel 7a 8/128,44977.0,No,No,No,No
8518,2024-08-30,Rangamati Sadar,50,F,Pixel 7a 8/128,44562.0,Yes,No,No,Yes
4161,2025-01-18,Outside Rangamati,43,F,Pixel 7a 8/128,44271.0,No,No,No,No
3927,2024-12-24,Outside Rangamati,40,M,Pixel 7a 8/128,44645.0,No,No,No,No
5826,2024-06-13,Outside Rangamati,32,F,Pixel 7a 8/128,44654.0,Yes,No,No,No
8704,2024-12-28,Rangamati Sadar,37,M,Pixel 7a 8/128,44117.0,No,Yes,No,No
5864,2024-02-10,Outside Rangamati,20,F,Pixel 7a 8/128,44917.0,No,No,No,Yes
3688,2025-03-17,Outside Rangamati,50,M,Pixel 7a 8/128,44867.0,Yes,Yes,No,No
8449,2024-12-16,Rangamati Sadar,44,M,Pixel 7a 8/128,44698.0,No,Yes,No,Yes
6803,2025-11-02,Rangamati Sadar,29,F,Pixel 7a 8/128,44033.0,Yes,No,No,Yes
7139,2024-11-22,Rangamati Sadar,48,M,Pixel 7a 8/128,44771.0,Yes,No,No,No
4198,2025-01-13,Outside Rangamati,18,F,Pixel 7a 8/128,44393.0,No,Yes,No,Yes
124,2025-01-16,Inside Rangamati,46,M,Pixel 7a 8/128,44362.0,No,No,No,No
4889,2024-08-31,Outside Rangamati,18,M,Pixel 7a 8/128,44527.0,No,Yes,No,No
1433,2024-08-31,Inside Rangamati,24,F,Pixel 7a 8/128,44311.0,No,No,No,Yes
8524,2024-08-30,Rangamati Sadar,48,M,Pixel 7a 8/128,44022.0,Yes,Yes,No,Yes
5972,2024-09-07,Rangamati Sadar,36,F,Pixel 7a 8/128,44708.0,No,Yes,No,Yes
817,2024-10-12,Inside Rangamati,30,M,Pixel 7a 8/128,44450.0,No,No,No,No
7060,2024-06-23,Rangamati Sadar,39,M,Pixel 7a 8/128,44744.0,No,No,No,Yes
6688,2025-02-16,Rangamati Sadar,35,M,Pixel 7a 8/128,44225.0,Yes,Yes,No,Yes
296,2024-11-16,Inside Rangamati,46,F,Pixel 7a 8/128,44373.0,Yes,No,Yes,No
6904,2024-06-21,Rangamati Sadar,37,F,Pixel 7a 8/128,44788.0,Yes,Yes,No,Yes
2272,2024-05-28,Inside Rangamati,21,M,Pixel 7a 8/128,44670.0,No,No,Yes,No
826,2024-09-12,Inside Rangamati,22,F,Pixel 7a 8/128,44521.0,No,Yes,No,No
5440,2024-05-28,Outside Rangamati,22,F,Pixel 7a 8/128,44975.0,No,No,No,No
5454,2024-05-28,Outside Rangamati,18,F,Pixel 7a 8/128,44608.0,No,No,No,Yes
9,2024-07-08,Inside Rangamati,27,F,Pixel 7a 8/128,44139.0,Yes,No,No,Yes
6390,2025-04-03,Rangamati Sadar,19,M,Pixel 7a 8/128,44768.0,No,No,No,Yes
2503,2024-07-10,Inside Rangamati,26,M,Pixel 7a 8/128,44433.0,No,No,Yes,No
342,2024-11-17,Inside Rangamati,24,M,Pixel 7a 8/128,44764.0,Yes,No,Yes,No
2361,2024-09-10,Inside Rangamati,26,F,Pixel 7a 8/128,44524.0,No,Yes,No,Yes
1618,2025-02-26,Inside Rangamati,24,F,Pixel 7a 8/128,44826.0,No,No,No,Yes
2199,2025-06-03,Inside Rangamati,33,F,Pixel 7a 8/128,44096.0,Yes,No,No,Yes
1260,2024-11-19,Inside Rangamati,32,M,Pixel 7a 8/128,44201.0,No,No,No,Yes
3460,2025-02-02,Outside Rangamati,49,F,Pixel 7a 8/128,44975.0,No,No,No,Yes
1912,2025-03-14,Inside Rangamati,19,F,Pixel 7a 8/128,44164.0,No,Yes,No,Yes
3765,2025-02-25,Outside Rangamati,50,F,Pixel 7a 8/128,44703.0,Yes,No,No,No
4863,2024-05-07,Outside Rangamati,36,M,Pixel 7a 8/128,44490.0,No,Yes,No,Yes
5578,2024-10-14,Outside Rangamati,24,M,Pixel 7a 8/128,44624.0,No,Yes,No,No
4052,2024-05-12,Outside Rangamati,37,F,Pixel 7a 8/128,44913.0,Yes,No,Yes,Yes
771,2024-11-12,Inside Rangamati,45,M,Pixel 7a 8/128,44840.0,Yes,No,No,No
8561,2024-11-12,Rangamati Sadar,20,F,Pixel 7a 8/128,44980.0,No,Yes,No,No
177,2024-04-08,Inside Rangamati,50,M,Pixel 7a 8/128,44762.0,No,No,No,Yes
6394,2025-03-03,Rangamati Sadar,29,F,Pixel 7a 8/128,44914.0,No,No,No,No
2680,2024-06-29,Inside Rangamati,22,F,Pixel 7a 8/128,44674.0,Yes,No,No,Yes
7856,2024-11-13,Rangamati Sadar,21,F,Pixel 7a 8/128,44154.0,No,No,No,No
6384,2024-06-15,Rangamati Sadar,33,F,Pixel 7a 8/128,44374.0,No,Yes,No,No
6853,2024-04-07,Rangamati Sadar,26,F,Pixel 7a 8/128,44257.0,No,No,Yes,Yes
1050,2024-09-15,Inside Rangamati,25,F,Pixel 7a 8/128,44978.0,No,No,No,Yes
2709,2025-02-20,Inside Rangamati,41,F,Pixel 7a 8/128,44372.0,No,No,No,No
5377,2024-05-06,Outside Rangamati,33,F,Pixel 7a 8/128,44574.0,No,No,No,Yes
3998,2024-05-12,Outside Rangamati,43,F,Pixel 7a 8/128,44168.0,Yes,Yes,Yes,Yes
2992,2024-11-13,Outside Rangamati,34,M,Pixel 7a 8/128,44574.0,Yes,Yes,No,Yes
1609,2024-10-14,Inside Rangamati,39,M,Pixel 7a 8/128,44261.0,Yes,No,No,Yes
2057,2024-07-06,Inside Rangamati,24,F,Pixel 7a 8/128,44976.0,No,Yes,Yes,Yes
856,2024-10-12,Inside Rangamati,24,F,Pixel 7a 8/128,44540.0,No,No,No,Yes
5276,2024-11-10,Outside Rangamati,20,F,Pixel 7a 8/128,44948.0,No,No,No,Yes
7607,2024-11-10,Rangamati Sadar,31,F,Pixel 7a 8/128,44056.0,No,Yes,No,Yes
6096,2025-04-02,Rangamati Sadar,26,F,Pixel 7a 8/128,44669.0,Yes,Yes,No,No
2143,2025-03-03,Inside Rangamati,35,F,Pixel 7a 8/128,44275.0,Yes,No,No,Yes
2838,2025-02-13,Inside Rangamati,21,F,Pixel 7a 8/128,44902.0,Yes,No,No,Yes
1866,2024-06-23,Inside Rangamati,32,F,Pixel 7a 8/128,44811.0,No,Yes,No,Yes
7434,2024-09-19,Rangamati Sadar,34,M,Pixel 7a 8/128,44464.0,No,No,Yes,No
8330,2024-04-08,Rangamati Sadar,44,F,Pixel 7a 8/128,44443.0,No,Yes,No,Yes
1605,2024-10-14,Inside Rangamati,28,F,Pixel 7a 8/128,44245.0,Yes,No,No,Yes
7124,2024-09-24,Rangamati Sadar,45,F,Pixel 7a 8/128,44722.0,Yes,No,No,No
2911,2024-10-25,Outside Rangamati,43,F,Pixel 7a 8/128,44961.0,No,Yes,No,Yes
2963,2024-10-25,Outside Rangamati,29,F,Pixel 7a 8/128,44313.0,No,Yes,No,Yes
3753,2025-02-24,Outside Rangamati,45,M,Pixel 7a 8/128,44582.0,No,Yes,No,Yes
1422,2024-09-22,Inside Rangamati,34,F,Pixel 7a 8/128,44127.0,No,Yes,Yes,No
3228,2024-10-31,Outside Rangamati,48,M,Pixel 7a 8/128,44945.0,No,Yes,Yes,No
2896,2024-04-11,Inside Rangamati,24,M,Pixel 7a 8/128,44501.0,Yes,No,No,Yes
2688,2025-02-19,Inside Rangamati,43,M,Pixel 7a 8/128,44279.0,No,No,Yes,Yes
1290,2024-09-27,Inside Rangamati,31,M,Pixel 7a 8/128,44726.0,No,No,No,No
5644,2024-09-27,Outside Rangamati,49,F,Pixel 7a 8/128,44675.0,No,Yes,Yes,No
7613,2024-10-10,Rangamati Sadar,29,F,Pixel 7a 8/128,44371.0,No,No,No,Yes
2210,2025-05-03,Inside Rangamati,48,M,Pixel 7a 8/128,44159.0,No,Yes,No,Yes
1143,2024-11-09,Inside Rangamati,48,M,Pixel 7a 8/128,44387.0,Yes,Yes,No,Yes
5269,2024-10-10,Outside Rangamati,23,F,Pixel 7a 8/128,44394.0,No,No,No,Yes
6024,2024-11-07,Rangamati Sadar,25,F,Pixel 7a 8/128,44758.0,No,No,No,Yes
7704,2024-10-25,Rangamati Sadar,44,F,Pixel 7a 8/128,44712.0,No,Yes,Yes,Yes
7081,2024-06-25,Rangamati Sadar,48,F,Pixel 7a 8/128,44619.0,No,Yes,No,Yes
1148,2024-09-18,Inside Rangamati,48,F,Pixel 7a 8/128,44022.0,No,Yes,No,Yes
4585,2024-06-25,Outside Rangamati,24,M,Pixel 7a 8/128,44061.0,No,Yes,Yes,Yes
2211,2024-10-28,Inside Rangamati,41,M,Pixel 7a 8/128,44686.0,Yes,No,No,No
4816,2024-06-19,Outside Rangamati,26,M,Pixel 8 Pro 12/256,59884.0,Yes,No,No,No
3814,2025-07-03,Outside Rangamati,43,F,Pixel 8 Pro 12/256,47477.0,No,No,No,Yes
3804,2025-07-03,Outside Rangamati,24,M,Pixel 8 Pro 12/256,45739.0,No,No,No,Yes
215,2024-08-14,Inside Rangamati,22,F,Pixel 8 Pro 12/256,42739.0,No,Yes,No,Yes
3344,2025-11-02,Outside Rangamati,37,F,Pixel 8 Pro 12/256,52282.0,No,Yes,No,No
7943,2024-09-11,Rangamati Sadar,33,M,Pixel 8 Pro 12/256,58437.0,Yes,No,No,No
2808,2025-11-02,Inside Rangamati,31,F,Pixel 8 Pro 12/256,42376.0,Yes,No,No,Yes
5095,2024-09-09,Outside Rangamati,37,M,Pixel 8 Pro 12/256,111724.0,No,No,No,Yes
5594,2024-05-29,Outside Rangamati,25,F,Pixel 8 Pro 12/256,60625.0,No,Yes,No,No
3790,2025-06-03,Outside Rangamati,44,M,Pixel 8 Pro 12/256,39984.0,Yes,No,No,No
7203,2024-09-20,Rangamati Sadar,37,F,Pixel 8 Pro 12/256,51020.0,Yes,Yes,No,Yes
8837,2024-08-22,Rangamati Sadar,39,M,Pixel 8 Pro 12/256,111011.0,No,No,No,Yes
3840,2025-06-03,Outside Rangamati,48,F,Pixel 8 Pro 12/256,111739.0,Yes,No,No,No
8779,2024-08-24,Rangamati Sadar,21,M,Pixel 8 Pro 12/256,111592.0,No,Yes,No,No
1479,2024-08-24,Inside Rangamati,26,M,Pixel 8 Pro 12/256,111521.0,No,Yes,Yes,No
1347,2024-08-24,Inside Rangamati,48,M,Pixel 8 Pro 12/256,71207.0,No,No,No,Yes
4974,2024-08-23,Outside Rangamati,27,M,Pixel 8 Pro 12/256,66497.0,No,No,No,Yes
4962,2024-08-21,Outside Rangamati,48,M,Pixel 8 Pro 12/256,42598.0,No,No,No,No
8654,2024-08-20,Rangamati Sadar,27,F,Pixel 8 Pro 12/256,48511.0,No,No,No,Yes
8713,2024-08-18,Rangamati Sadar,25,M,Pixel 8 Pro 12/256,50958.0,Yes,No,No,Yes
1979,2024-06-06,Inside Rangamati,45,M,Pixel 8 Pro 12/256,73074.0,No,No,No,No
270,2024-08-15,Inside Rangamati,42,M,Pixel 8 Pro 12/256,52147.0,No,Yes,No,Yes
1576,2024-06-20,Inside Rangamati,36,M,Pixel 8 Pro 12/256,59865.0,Yes,Yes,No,No
8761,2024-08-26,Rangamati Sadar,31,F,Pixel 8 Pro 12/256,111734.0,No,Yes,Yes,Yes
1804,2024-06-23,Inside Rangamati,30,M,Pixel 8 Pro 12/256,40883.0,No,No,No,Yes
2351,2024-08-07,Inside Rangamati,26,M,Pixel 8 Pro 12/256,41142.0,No,No,Yes,Yes
2681,2024-06-29,Inside Rangamati,40,M,Pixel 8 Pro 12/256,47931.0,No,No,Yes,No
810,2024-06-09,Inside Rangamati,24,M,Pixel 8 Pro 12/256,111006.0,Yes,No,Yes,No
5259,2024-10-10,Outside Rangamati,19,M,Pixel 8 Pro 12/256,111163.0,Yes,Yes,No,Yes
2196,2024-10-17,Inside Rangamati,27,M,Pixel 8 Pro 12/256,66359.0,Yes,No,No,Yes
2192,2024-10-17,Inside Rangamati,28,F,Pixel 8 Pro 12/256,67851.0,No,No,No,No
3136,2024-10-11,Outside Rangamati,32,M,Pixel 8 Pro 12/256,48255.0,No,No,No,No
269,2024-09-27,Inside Rangamati,32,F,Pixel 8 Pro 12/256,67927.0,No,No,Yes,Yes
5584,2024-10-15,Outside Rangamati,25,M,Pixel 8 Pro 12/256,52145.0,No,No,Yes,Yes
8093,2025-05-01,Rangamati Sadar,34,M,Pixel 8 Pro 12/256,50098.0,No,No,Yes,No
4465,2024-08-13,Outside Rangamati,26,M,Pixel 8 Pro 12/256,61330.0,Yes,Yes,No,Yes
295,2025-06-01,Inside Rangamati,21,M,Pixel 8 Pro 12/256,111050.0,Yes,Yes,No,No
4432,2024-08-13,Outside Rangamati,19,M,Pixel 8 Pro 12/256,111504.0,No,No,Yes,No
2123,2024-06-16,Inside Rangamati,35,F,Pixel 8 Pro 12/256,51785.0,No,Yes,No,Yes
5699,2024-08-06,Outside Rangamati,46,M,Pixel 8 Pro 12/256,70970.0,Yes,No,Yes,Yes
5436,2024-07-25,Outside Rangamati,37,F,Pixel 8 Pro 12/256,68660.0,No,No,Yes,Yes
6008,2025-08-02,Rangamati Sadar,28,F,Pixel 8 Pro 12/256,111759.0,No,No,No,No
4610,2024-07-16,Outside Rangamati,48,M,Pixel 8 Pro 12/256,111589.0,Yes,No,No,No
6425,2024-06-13,Rangamati Sadar,40,F,Pixel 8 Pro 12/256,41009.0,No,No,No,Yes
6154,2024-07-13,Rangamati Sadar,45,M,Pixel 8 Pro 12/256,43866.0,No,No,No,No
7420,2024-07-12,Rangamati Sadar,28,M,Pixel 8 Pro 12/256,45366.0,No,No,Yes,No
4671,2024-06-14,Outside Rangamati,20,M,Pixel 8 Pro 12/256,70315.0,No,Yes,Yes,No
4701,2024-06-15,Outside Rangamati,21,F,Pixel 8 Pro 12/256,72658.0,No,Yes,No,Yes
6392,2024-06-15,Rangamati Sadar,38,F,Pixel 8 Pro 12/256,58800.0,No,No,No,No
6771,2024-06-29,Rangamati Sadar,25,F,Pixel 8 Pro 12/256,111424.0,No,Yes,No,Yes
2748,2024-06-29,Inside Rangamati,29,M,Pixel 8 Pro 12/256,43947.0,No,No,No,Yes
8265,2024-07-29,Rangamati Sadar,46,M,Pixel 8 Pro 12/256,67461.0,Yes,Yes,No,No
5479,2024-10-19,Outside Rangamati,34,F,Pixel 8 Pro 12/256,38450.0,No,Yes,No,No
4206,2025-01-19,Outside Rangamati,48,F,Pixel 8 Pro 12/256,111856.0,No,Yes,No,Yes
3898,2024-12-14,Outside Rangamati,24,F,Pixel 8 Pro 12/256,69974.0,Yes,No,No,No
890,2024-02-09,Inside Rangamati,41,M,Pixel 8 Pro 12/256,58652.0,Yes,No,No,Yes
546,2025-01-27,Inside Rangamati,34,M,Pixel 8 Pro 12/256,52570.0,No,No,Yes,No
218,2025-04-01,Inside Rangamati,45,M,Pixel 8 Pro 12/256,56689.0,No,No,No,No
3834,2025-03-03,Outside Rangamati,28,F,Pixel 8 Pro 12/256,41266.0,Yes,No,No,Yes
6367,2024-12-06,Rangamati Sadar,30,F,Pixel 8 Pro 12/256,74597.0,Yes,No,Yes,Yes
6563,2025-03-20,Rangamati Sadar,32,F,Pixel 8 Pro 12/256,52944.0,No,No,No,Yes
5397,2024-01-08,Outside Rangamati,25,F,Pixel 8 Pro 12/256,53165.0,Yes,No,No,No
6542,2025-03-22,Rangamati Sadar,31,M,Pixel 8 Pro 12/256,111438.0,No,No,No,No
8686,2024-12-26,Rangamati Sadar,42,F,Pixel 8 Pro 12/256,53937.0,Yes,No,Yes,No
7702,2024-10-20,Rangamati Sadar,21,F,Pixel 8 Pro 12/256,50800.0,Yes,No,Yes,Yes
8820,2024-12-24,Rangamati Sadar,34,F,Pixel 8 Pro 12/256,40722.0,Yes,No,Yes,No
6958,2025-01-03,Rangamati Sadar,37,M,Pixel 8 Pro 12/256,45093.0,No,No,No,Yes
6885,2025-01-03,Rangamati Sadar,42,F,Pixel 8 Pro 12/256,60429.0,No,No,No,Yes
5287,2024-01-06,Outside Rangamati,33,M,Pixel 8 Pro 12/256,71078.0,No,No,No,Yes
2609,2024-01-07,Inside Rangamati,21,F,Pixel 8 Pro 12/256,42458.0,No,Yes,No,Yes
8140,2025-01-01,Rangamati Sadar,44,F,Pixel 8 Pro 12/256,50771.0,Yes,Yes,No,Yes
6912,2025-02-26,Rangamati Sadar,33,M,Pixel 8 Pro 12/256,40647.0,No,No,No,Yes
1886,2024-01-06,Inside Rangamati,21,F,Pixel 8 Pro 12/256,68924.0,No,No,No,Yes
1202,2024-12-25,Inside Rangamati,24,F,Pixel 8 Pro 12/256,65544.0,No,Yes,No,Yes
1554,2025-02-27,Inside Rangamati,26,M,Pixel 8 Pro 12/256,63181.0,Yes,Yes,Yes,No
6326,2025-11-03,Rangamati Sadar,43,F,Pixel 8 Pro 12/256,66472.0,No,No,Yes,No
7359,2024-04-12,Rangamati Sadar,29,F,Pixel 8 Pro 12/256,50625.0,No,Yes,No,Yes
5694,2024-02-10,Outside Rangamati,35,F,Pixel 8 Pro 12/256,39197.0,Yes,No,No,No
2310,2025-03-21,Inside Rangamati,23,M,Pixel 8 Pro 12/256,60408.0,Yes,Yes,Yes,Yes
3031,2024-11-16,Outside Rangamati,22,M,Pixel 8 Pro 12/256,47494.0,No,No,No,No
2997,2024-03-11,Outside Rangamati,42,M,Pixel 8 Pro 12/256,70282.0,No,No,No,Yes
488,2025-01-30,Inside Rangamati,50,M,Pixel 8 Pro 12/256,51819.0,No,Yes,No,No
3274,2024-10-29,Outside Rangamati,23,M,Pixel 8 Pro 12/256,44547.0,No,No,No,Yes
1862,2024-12-10,Inside Rangamati,28,M,Pixel 8 Pro 12/256,39434.0,No,No,No,No
3327,2025-02-15,Outside Rangamati,18,M,Pixel 8 Pro 12/256,111971.0,No,Yes,No,Yes
5692,2024-04-08,Outside Rangamati,37,F,Pixel 8 Pro 12/256,48135.0,Yes,Yes,No,Yes
8227,2025-01-19,Rangamati Sadar,47,M,Pixel 8 Pro 12/256,67676.0,Yes,Yes,No,Yes
8216,2025-01-19,Rangamati Sadar,26,F,Pixel 8 Pro 12/256,54325.0,No,No,Yes,Yes
888,2024-03-09,Inside Rangamati,25,M,Pixel 8 Pro 12/256,57238.0,Yes,Yes,No,Yes
8213,2025-01-19,Rangamati Sadar,33,M,Pixel 8 Pro 12/256,111820.0,No,No,Yes,Yes
4041,2024-03-12,Outside Rangamati,20,M,Pixel 8 Pro 12/256,63454.0,Yes,No,No,Yes
7717,2024-10-17,Rangamati Sadar,37,F,Pixel 8 Pro 12/256,58954.0,No,No,No,Yes
4600,2024-11-09,Outside Rangamati,46,F,Pixel 8 Pro 12/256,111607.0,Yes,No,No,Yes
4595,2024-11-09,Outside Rangamati,48,F,Pixel 8 Pro 12/256,40204.0,No,Yes,No,Yes
97,2024-01-10,Inside Rangamati,45,M,Pixel 8 Pro 12/256,111837.0,No,Yes,No,Yes
5867,2024-03-08,Outside Rangamati,30,M,Pixel 8 Pro 12/256,41237.0,No,No,Yes,Yes
0,2024-04-10,Inside Rangamati,24,M,Pixel 8 Pro 12/256,55076.0,No,No,No,No
3295,2024-10-30,Outside Rangamati,38,M,Pixel 8 Pro 12/256,111325.0,No,No,Yes,No
1152,2024-02-09,Inside Rangamati,43,M,Pixel 8 Pro 12/256,44590.0,No,No,No,Yes
6631,2024-02-06,Rangamati Sadar,48,M,Pixel 8 Pro 12/256,111419.0,Yes,No,No,No
2362,2025-03-20,Inside Rangamati,48,F,Pixel 8 Pro 12/256,64733.0,No,No,No,Yes
3181,2024-11-26,Outside Rangamati,27,F,Pixel 8 Pro 12/256,52499.0,Yes,Yes,No,No
6595,2024-04-06,Rangamati Sadar,46,M,Pixel 8 Pro 12/256,111951.0,No,Yes,Yes,No
4292,2025-02-01,Outside Rangamati,36,M,Pixel 8 Pro 12/256,48337.0,No,Yes,Yes,Yes
907,2024-12-15,Inside Rangamati,39,F,Pixel 8 Pro 12/256,58654.0,No,No,No,Yes
3490,2025-01-30,Outside Rangamati,27,M,Pixel 8 Pro 12/256,61844.0,No,No,Yes,Yes
4436,2024-09-16,Outside Rangamati,49,F,R-70 Turbo 5G 6/128,40906.0,Yes,Yes,No,Yes
2817,2024-07-07,Inside Rangamati,19,M,Redmi Note 12 Pro 8/128,68069.0,No,No,Yes,No
1921,2024-08-06,Inside Rangamati,41,F,Redmi Note 12 Pro 8/128,44738.0,No,No,No,Yes
2217,2024-06-13,Inside Rangamati,41,M,Redmi Note 12 Pro 8/128,40690.0,No,Yes,Yes,No
6363,2025-11-03,Rangamati Sadar,25,F,Redmi Note 12 Pro 8/128,38962.0,No,No,No,Yes
8633,2024-05-09,Rangamati Sadar,25,M,Redmi Note 12 Pro 8/128,44105.0,No,No,Yes,Yes
4396,2025-06-01,Outside Rangamati,39,M,Redmi Note 12 Pro 8/128,103602.0,No,Yes,No,Yes
3395,2025-02-23,Outside Rangamati,20,F,Vivo T3x 5G 8/128,71811.0,No,No,No,Yes
7889,2024-07-10,Rangamati Sadar,19,M,Vivo T3x 5G 8/128,53756.0,Yes,Yes,No,Yes
4890,2024-03-07,Outside Rangamati,25,F,Vivo T3x 5G 8/128,39883.0,No,No,No,No
4319,2024-12-28,Outside Rangamati,25,F,Vivo T3x 5G 8/128,44629.0,No,No,Yes,Yes
1236,2024-08-22,Inside Rangamati,49,F,Vivo Y200 5G 6/128,49596.0,No,No,No,Yes
445,2024-07-27,Inside Rangamati,23,M,Vivo Y200 5G 6/128,72849.0,Yes,Yes,No,Yes
7190,2024-09-21,Rangamati Sadar,42,M,iPhone 16 Pro 256GB,141454.0,No,No,No,Yes
1403,2024-09-22,Inside Rangamati,41,F,iPhone 16 Pro 256GB,71100.0,No,Yes,Yes,Yes
1583,2025-02-27,Inside Rangamati,47,M,iPhone 16 Pro 256GB,38336.0,No,No,No,Yes
7987,2024-11-08,Rangamati Sadar,20,M,iPhone 16 Pro 256GB,42038.0,Yes,Yes,Yes,Yes
7835,2024-09-30,Rangamati Sadar,42,F,iPhone 16 Pro 256GB,59285.0,No,No,Yes,No
7175,2024-09-24,Rangamati Sadar,40,M,iPhone 16 Pro 256GB,141077.0,No,Yes,No,Yes
1046,2024-09-16,Inside Rangamati,37,F,iPhone 16 Pro 256GB,65345.0,No,No,No,Yes
2868,2024-04-07,Inside Rangamati,25,M,iPhone 16 Pro 256GB,63448.0,No,Yes,Yes,No
7077,2024-06-25,Rangamati Sadar,44,F,iPhone 16 Pro 256GB,47167.0,Yes,No,No,Yes
5408,2024-01-08,Outside Rangamati,19,M,iPhone 16 Pro 256GB,43749.0,No,No,No,Yes
5463,2024-05-29,Outside Rangamati,29,F,iPhone 16 Pro 256GB,66999.0,No,No,Yes,No
4382,2025-04-01,Outside Rangamati,29,F,iPhone 16 Pro 256GB,39956.0,No,No,No,No
6112,2025-04-02,Rangamati Sadar,41,M,iPhone 16 Pro 256GB,44213.0,No,Yes,No,No
7036,2025-02-20,Rangamati Sadar,27,M,iPhone 16 Pro 256GB,141816.0,No,No,No,Yes
839,2024-09-09,Inside Rangamati,33,F,iPhone 16 Pro 256GB,73207.0,Yes,Yes,No,No
1084,2024-09-09,Inside Rangamati,20,F,iPhone 16 Pro 256GB,63370.0,No,Yes,Yes,Yes
1186,2024-08-20,Inside Rangamati,45,F,iPhone 16 Pro 256GB,39186.0,No,No,No,Yes
6606,2025-12-03,Rangamati Sadar,38,M,iPhone 16 Pro 256GB,141949.0,No,Yes,No,Yes
6995,2025-02-21,Rangamati Sadar,50,F,iPhone 16 Pro 256GB,65435.0,No,No,Yes,Yes
5650,2024-09-30,Outside Rangamati,50,M,iPhone 16 Pro 256GB,72166.0,No,No,No,No
2329,2024-09-10,Inside Rangamati,18,F,iPhone 16 Pro 256GB,48742.0,No,No,No,Yes
7063,2024-06-23,Rangamati Sadar,36,M,iPhone 16 Pro 256GB,54783.0,No,No,No,Yes
7059,2025-02-24,Rangamati Sadar,44,M,iPhone 16 Pro 256GB,141032.0,Yes,No,Yes,Yes
8,2024-11-15,Inside Rangamati,29,F,iPhone 16 Pro 256GB,65626.0,No,No,No,Yes
191,2024-10-08,Inside Rangamati,34,F,iPhone 16 Pro 256GB,141997.0,No,No,No,Yes
4815,2024-07-18,Outside Rangamati,29,F,iPhone 16 Pro 256GB,44560.0,No,Yes,Yes,No
1183,2024-08-20,Inside Rangamati,39,M,iPhone 16 Pro 256GB,47028.0,Yes,No,No,No
6135,2025-04-02,Rangamati Sadar,50,F,iPhone 16 Pro 256GB,50803.0,No,Yes,No,Yes
2603,2024-11-10,Inside Rangamati,30,F,iPhone 16 Pro 256GB,50732.0,No,No,Yes,Yes
7986,2024-11-08,Rangamati Sadar,37,M,iPhone 16 Pro 256GB,141622.0,No,Yes,Yes,Yes
6944,2024-06-19,Rangamati Sadar,19,M,iPhone 16 Pro 256GB,54326.0,No,No,Yes,Yes
3691,2025-03-17,Outside Rangamati,19,M,iPhone 16 Pro 256GB,54217.0,Yes,Yes,No,Yes
7466,2024-11-30,Rangamati Sadar,43,F,iPhone 16 Pro 256GB,46198.0,No,No,No,Yes
7400,2024-12-09,Rangamati Sadar,21,M,iPhone 16 Pro 256GB,45391.0,Yes,No,No,No
3428,2025-02-19,Outside Rangamati,45,M,iPhone 16 Pro 256GB,57356.0,No,No,No,Yes
5101,2024-06-28,Outside Rangamati,43,F,iPhone 16 Pro 256GB,54092.0,No,No,Yes,Yes
3407,2025-02-17,Outside Rangamati,24,M,iPhone 16 Pro 256GB,66028.0,Yes,Yes,No,No
8804,2024-08-26,Rangamati Sadar,44,M,iPhone 16 Pro 256GB,71029.0,Yes,Yes,Yes,No
8787,2024-08-26,Rangamati Sadar,39,F,iPhone 16 Pro 256GB,67432.0,Yes,No,No,No
4922,2024-08-26,Outside Rangamati,40,F,iPhone 16 Pro 256GB,141010.0,No,No,No,Yes
2180,2024-11-06,Inside Rangamati,28,M,iPhone 16 Pro 256GB,41073.0,No,No,No,Yes
2978,2024-11-30,Outside Rangamati,25,F,iPhone 16 Pro 256GB,45336.0,No,No,No,Yes
6770,2024-06-30,Rangamati Sadar,36,F,iPhone 16 Pro 256GB,70884.0,Yes,No,No,Yes
5884,2024-03-10,Outside Rangamati,24,F,iPhone 16 Pro 256GB,61451.0,No,Yes,No,Yes
6331,2025-11-03,Rangamati Sadar,34,F,iPhone 16 Pro 256GB,55307.0,No,No,Yes,Yes
2223,2024-12-06,Inside Rangamati,31,F,iPhone 16 Pro 256GB,55257.0,Yes,Yes,Yes,No
3850,2025-04-03,Outside Rangamati,38,M,iPhone 16 Pro 256GB,141111.0,Yes,No,No,No
2740,2024-06-30,Inside Rangamati,42,M,iPhone 16 Pro 256GB,68842.0,No,No,Yes,Yes
7900,2024-04-11,Rangamati Sadar,18,F,iPhone 16 Pro 256GB,51713.0,No,No,Yes,Yes
1232,2024-08-22,Inside Rangamati,19,F,iPhone 16 Pro 256GB,42277.0,No,No,Yes,Yes
2965,2024-11-30,Outside Rangamati,45,F,iPhone 16 Pro 256GB,46919.0,Yes,Yes,Yes,No
1812,2024-10-21,Inside Rangamati,26,F,iPhone 16 Pro 256GB,52742.0,Yes,No,No,No
3279,2024-11-19,Outside Rangamati,47,F,iPhone 16 Pro 256GB,63151.0,No,Yes,No,Yes
7088,2024-06-25,Rangamati Sadar,45,M,iPhone 16 Pro 256GB,68626.0,No,No,No,No
5366,2024-05-10,Outside Rangamati,38,F,iPhone 16 Pro 256GB,141317.0,No,Yes,No,Yes
4499,2024-06-22,Outside Rangamati,38,F,iPhone 16 Pro 256GB,141590.0,Yes,No,Yes,No
6975,2024-06-19,Rangamati Sadar,21,F,iPhone 16 Pro 256GB,47044.0,Yes,Yes,Yes,No
290,2025-06-01,Inside Rangamati,42,F,iPhone 16 Pro 256GB,61440.0,No,No,Yes,Yes
7315,2024-09-20,Rangamati Sadar,24,M,iPhone 16 Pro 256GB,63825.0,No,No,No,Yes
8299,2024-07-29,Rangamati Sadar,35,F,iPhone 16 Pro 256GB,60070.0,No,Yes,No,Yes
8071,2025-08-01,Rangamati Sadar,25,M,iPhone 16 Pro 256GB,66154.0,No,No,No,No
4326,2024-12-29,Outside Rangamati,18,M,iPhone 16 Pro 256GB,57327.0,No,No,Yes,No
5908,2024-07-19,Rangamati Sadar,49,F,iPhone 16 Pro 256GB,41633.0,Yes,Yes,No,Yes
5310,2024-12-10,Outside Rangamati,41,M,iPhone 16 Pro 256GB,141488.0,No,Yes,No,Yes
7621,2024-12-10,Rangamati Sadar,40,M,iPhone 16 Pro 256GB,44354.0,No,No,No,Yes
1334,2024-08-19,Inside Rangamati,39,M,iPhone 16 Pro 256GB,69832.0,Yes,No,Yes,No
4820,2024-07-18,Outside Rangamati,24,M,iPhone 16 Pro 256GB,66762.0,Yes,No,No,Yes
4380,2025-07-01,Outside Rangamati,44,M,iPhone 16 Pro 256GB,141375.0,No,Yes,No,Yes
3463,2025-02-02,Outside Rangamati,44,M,iPhone 16 Pro 256GB,141977.0,Yes,No,No,Yes
3,2024-07-08,Inside Rangamati,32,F,iPhone 16 Pro 256GB,67391.0,No,No,No,No
211,2024-08-15,Inside Rangamati,42,F,iPhone 16 Pro 256GB,67153.0,No,Yes,Yes,No
7891,2024-07-10,Rangamati Sadar,33,F,iPhone 16 Pro 256GB,67487.0,No,Yes,No,Yes
2555,2024-06-10,Inside Rangamati,34,M,iPhone 16 Pro 256GB,141058.0,Yes,Yes,No,Yes
7894,2024-07-11,Rangamati Sadar,46,F,iPhone 16 Pro 256GB,48915.0,No,Yes,No,Yes
3902,2024-12-15,Outside Rangamati,40,M,iPhone 16 Pro 256GB,141033.0,No,Yes,No,Yes
5741,2024-05-08,Outside Rangamati,23,F,iPhone 16 Pro 256GB,141794.0,No,No,No,Yes
8174,2024-08-13,Rangamati Sadar,37,F,iPhone 16 Pro 256GB,53399.0,No,No,No,No
5335,2024-06-10,Outside Rangamati,46,F,iPhone 16 Pro 256GB,70538.0,No,Yes,No,No
1396,2024-12-16,Inside Rangamati,18,F,iPhone 16 Pro 256GB,141928.0,No,Yes,No,Yes
3870,2024-12-18,Outside Rangamati,30,F,iPhone 16 Pro 256GB,141771.0,No,No,No,Yes
3702,2025-03-19,Outside Rangamati,24,M,iPhone 16 Pro 256GB,141562.0,No,No,No,Yes
6492,2025-03-19,Rangamati Sadar,32,F,iPhone 16 Pro 256GB,58255.0,Yes,Yes,No,No
3201,2024-10-27,Outside Rangamati,18,F,iPhone 16 Pro 256GB,141304.0,Yes,No,No,Yes
3588,2025-03-14,Outside Rangamati,43,M,iPhone 16 Pro 256GB,141875.0,No,No,Yes,Yes
3924,2024-12-20,Outside Rangamati,42,M,iPhone 16 Pro 256GB,43680.0,No,No,No,Yes
7745,2024-10-19,Rangamati Sadar,25,F,iPhone 16 Pro 256GB,48404.0,No,Yes,No,No
3500,2025-01-29,Outside Rangamati,23,M,iPhone 16 Pro 256GB,141316.0,Yes,Yes,Yes,Yes
8168,2024-08-13,Rangamati Sadar,23,M,iPhone 16 Pro 256GB,46344.0,No,No,No,No
2948,2024-10-24,Outside Rangamati,27,F,iPhone 16 Pro 256GB,66531.0,No,No,No,Yes
2292,2024-06-11,Inside Rangamati,44,M,iPhone 16 Pro 256GB,141627.0,No,Yes,No,Yes
8463,2024-02-09,Rangamati Sadar,42,M,iPhone 16 Pro 256GB,60464.0,No,No,No,No
4180,2025-12-01,Outside Rangamati,46,M,iPhone 16 Pro 256GB,61973.0,No,Yes,No,No
3098,2024-10-11,Outside Rangamati,47,M,iPhone 16 Pro 256GB,73419.0,No,No,No,No
6513,2025-03-18,Rangamati Sadar,22,M,iPhone 16 Pro 256GB,65294.0,No,No,Yes,Yes
1319,2024-12-27,Inside Rangamati,45,M,iPhone 16 Pro 256GB,63736.0,No,No,Yes,Yes
5653,2024-08-06,Outside Rangamati,42,M,iPhone 16 Pro 256GB,63765.0,Yes,No,No,Yes
7877,2024-06-11,Rangamati Sadar,21,M,iPhone 16 Pro 256GB,57399.0,No,No,Yes,No
545,2025-01-27,Inside Rangamati,36,M,iPhone 16 Pro 256GB,73895.0,No,No,No,No
6378,2024-06-15,Rangamati Sadar,37,F,iPhone 16 Pro 256GB,141303.0,No,No,No,No
2847,2024-08-07,Inside Rangamati,32,F,iPhone 16 Pro 256GB,50875.0,Yes,Yes,No,No
6095,2025-01-27,Rangamati Sadar,18,M,iPhone 16 Pro 256GB,40394.0,No,No,Yes,Yes
8589,2024-10-12,Rangamati Sadar,22,M,iPhone 16 Pro 256GB,52230.0,Yes,Yes,No,Yes
6137,2025-01-27,Rangamati Sadar,20,M,iPhone 16 Pro 256GB,141527.0,No,Yes,No,Yes
746,2024-07-29,Inside Rangamati,47,M,iPhone 16 Pro 256GB,42450.0,No,No,No,Yes
1280,2024-12-31,Inside Rangamati,40,M,iPhone 16 Pro 256GB,71610.0,No,No,No,No
8131,2024-12-31,Rangamati Sadar,44,F,iPhone 16 Pro 256GB,63917.0,No,Yes,Yes,Yes
6098,2024-07-23,Rangamati Sadar,50,M,iPhone 16 Pro 256GB,57403.0,No,Yes,No,No
2465,2025-01-02,Inside Rangamati,36,F,iPhone 16 Pro 256GB,41669.0,No,No,Yes,No
480,2024-07-24,Inside Rangamati,21,M,iPhone 16 Pro 256GB,41278.0,No,No,No,Yes
2556,2024-07-16,Inside Rangamati,33,M,iPhone 16 Pro 256GB,141591.0,Yes,Yes,No,Yes
432,2024-07-25,Inside Rangamati,39,F,iPhone 16 Pro 256GB,70804.0,Yes,Yes,Yes,Yes
7650,2024-10-24,Rangamati Sadar,24,M,iPhone 16 Pro 256GB,57500.0,Yes,No,No,Yes
6250,2024-07-25,Rangamati Sadar,27,M,iPhone 16 Pro 256GB,58978.0,No,No,No,Yes
6349,2025-09-03,Rangamati Sadar,32,F,iPhone 16 Pro 256GB,43892.0,No,No,Yes,No
6146,2024-07-16,Rangamati Sadar,39,F,iPhone 16 Pro 256GB,43534.0,No,Yes,Yes,Yes
6049,2024-07-15,Rangamati Sadar,20,F,iPhone 16 Pro 256GB,54149.0,No,No,No,No
721,2025-01-22,Inside Rangamati,36,M,iPhone 16 Pro 256GB,57765.0,Yes,No,No,Yes
3749,2025-01-03,Outside Rangamati,48,F,iPhone 16 Pro 256GB,74208.0,No,No,No,No
4008,2024-06-12,Outside Rangamati,24,M,iPhone 16 Pro 256GB,72304.0,No,No,No,Yes
7401,2024-06-12,Rangamati Sadar,46,F,iPhone 16 Pro 256GB,56531.0,No,Yes,Yes,Yes
1514,2024-12-20,Inside Rangamati,46,M,iPhone 16 Pro Max 1TB,42732.0,No,Yes,Yes,No
5887,2024-09-29,Outside Rangamati,43,M,iPhone 16 Pro Max 1TB,199933.0,Yes,Yes,No,No
354,2024-11-17,Inside Rangamati,24,M,iPhone 16 Pro Max 1TB,71742.0,No,No,No,Yes
2568,2025-03-22,Inside Rangamati,37,F,iPhone 16 Pro Max 1TB,200145.0,No,No,No,No
3015,2024-04-11,Outside Rangamati,38,F,iPhone 16 Pro Max 1TB,199603.0,No,No,No,Yes
4823,2024-09-09,Outside Rangamati,49,F,iPhone 16 Pro Max 1TB,61845.0,No,No,No,No
4417,2024-09-15,Outside Rangamati,42,M,iPhone 16 Pro Max 1TB,199787.0,Yes,No,No,Yes
3540,2025-04-02,Outside Rangamati,46,F,iPhone 16 Pro Max 1TB,72272.0,No,No,No,No
4116,2024-09-12,Outside Rangamati,20,M,iPhone 16 Pro Max 1TB,57166.0,No,No,No,No
5014,2024-06-07,Outside Rangamati,32,F,iPhone 16 Pro Max 1TB,44531.0,No,Yes,No,No
8814,2024-09-09,Rangamati Sadar,40,M,iPhone 16 Pro Max 1TB,45127.0,Yes,No,No,Yes
1007,2024-09-13,Inside Rangamati,43,F,iPhone 16 Pro Max 1TB,199855.0,Yes,No,Yes,Yes
7528,2024-09-16,Rangamati Sadar,28,M,iPhone 16 Pro Max 1TB,41878.0,Yes,Yes,No,No
27,2024-11-14,Inside Rangamati,21,F,iPhone 16 Pro Max 1TB,200395.0,No,Yes,Yes,Yes
7758,2024-04-11,Rangamati Sadar,39,F,iPhone 16 Pro Max 1TB,50309.0,No,No,No,No
8201,2025-04-01,Rangamati Sadar,46,M,iPhone 16 Pro Max 1TB,57315.0,No,Yes,No,No
6852,2024-04-07,Rangamati Sadar,41,F,iPhone 16 Pro Max 1TB,48622.0,Yes,No,Yes,Yes
998,2024-05-12,Inside Rangamati,26,M,iPhone 16 Pro Max 1TB,68002.0,No,Yes,Yes,No
7521,2024-09-17,Rangamati Sadar,18,F,iPhone 16 Pro Max 1TB,74975.0,Yes,No,No,Yes
3776,2025-02-27,Outside Rangamati,37,M,iPhone 16 Pro Max 1TB,74975.0,No,Yes,No,Yes
7172,2024-09-20,Rangamati Sadar,29,M,iPhone 16 Pro Max 1TB,200077.0,No,No,No,Yes
7120,2024-09-23,Rangamati Sadar,28,F,iPhone 16 Pro Max 1TB,200373.0,No,No,No,No
7282,2024-11-21,Rangamati Sadar,20,M,iPhone 16 Pro Max 1TB,67087.0,No,Yes,No,Yes
3677,2025-03-21,Outside Rangamati,32,M,iPhone 16 Pro Max 1TB,200080.0,Yes,No,No,No
8839,2024-12-25,Rangamati Sadar,31,F,iPhone 16 Pro Max 1TB,199835.0,No,Yes,No,Yes
2584,2025-04-02,Inside Rangamati,25,M,iPhone 16 Pro Max 1TB,49366.0,No,No,Yes,No
981,2024-09-14,Inside Rangamati,21,F,iPhone 16 Pro Max 1TB,55683.0,Yes,Yes,Yes,Yes
8313,2024-07-29,Rangamati Sadar,19,F,iPhone 16 Pro Max 1TB,200436.0,No,No,No,No
5787,2024-09-26,Outside Rangamati,39,F,iPhone 16 Pro Max 1TB,69031.0,Yes,No,No,No
6000,2024-07-27,Rangamati Sadar,28,M,iPhone 16 Pro Max 1TB,199659.0,Yes,No,No,Yes
7351,2024-03-12,Rangamati Sadar,25,M,iPhone 16 Pro Max 1TB,63727.0,No,No,No,No
2634,2024-03-07,Inside Rangamati,50,F,iPhone 16 Pro Max 1TB,43860.0,Yes,No,No,Yes
5430,2024-08-10,Outside Rangamati,26,M,iPhone 16 Pro Max 1TB,69928.0,No,No,No,Yes
6781,2024-03-07,Rangamati Sadar,21,F,iPhone 16 Pro Max 1TB,73604.0,Yes,Yes,Yes,Yes
159,2025-12-01,Inside Rangamati,20,M,iPhone 16 Pro Max 1TB,40667.0,No,Yes,No,No
1970,2024-10-27,Inside Rangamati,28,F,iPhone 16 Pro Max 1TB,51844.0,No,No,No,Yes
8399,2024-03-08,Rangamati Sadar,46,M,iPhone 16 Pro Max 1TB,200119.0,Yes,Yes,No,Yes
2519,2025-05-02,Inside Rangamati,41,F,iPhone 16 Pro Max 1TB,44348.0,No,No,No,No
7719,2024-10-28,Rangamati Sadar,47,M,iPhone 16 Pro Max 1TB,200184.0,No,No,No,Yes
1070,2024-10-09,Inside Rangamati,32,M,iPhone 16 Pro Max 1TB,199682.0,Yes,No,No,Yes
5746,2024-06-08,Outside Rangamati,42,F,iPhone 16 Pro Max 1TB,44789.0,Yes,No,No,Yes
7093,2025-07-01,Rangamati Sadar,36,M,iPhone 16 Pro Max 1TB,49689.0,No,No,Yes,No
2866,2025-03-19,Inside Rangamati,42,M,iPhone 16 Pro Max 1TB,72619.0,No,No,No,Yes
5085,2024-08-09,Outside Rangamati,22,F,iPhone 16 Pro Max 1TB,66016.0,No,No,Yes,Yes
578,2024-07-31,Inside Rangamati,31,M,iPhone 16 Pro Max 1TB,74322.0,Yes,No,No,Yes
3929,2024-12-24,Outside Rangamati,49,F,iPhone 16 Pro Max 1TB,55186.0,Yes,No,Yes,No
2392,2025-08-02,Inside Rangamati,41,F,iPhone 16 Pro Max 1TB,66912.0,No,No,No,No
3604,2025-03-15,Outside Rangamati,29,M,iPhone 16 Pro Max 1TB,49888.0,No,No,No,No
4148,2025-01-16,Outside Rangamati,47,F,iPhone 16 Pro Max 1TB,72050.0,No,No,No,Yes
2271,2025-08-02,Inside Rangamati,29,M,iPhone 16 Pro Max 1TB,58596.0,No,Yes,No,Yes
1734,2024-02-11,Inside Rangamati,49,M,iPhone 16 Pro Max 1TB,199505.0,No,No,Yes,No
7408,2024-06-12,Rangamati Sadar,22,F,iPhone 16 Pro Max 1TB,200084.0,Yes,No,Yes,Yes
6628,2025-03-15,Rangamati Sadar,28,M,iPhone 16 Pro Max 1TB,59609.0,No,No,Yes,Yes
8405,2025-01-14,Rangamati Sadar,36,F,iPhone 16 Pro Max 1TB,59257.0,Yes,No,No,Yes
171,2025-01-13,Inside Rangamati,28,M,iPhone 16 Pro Max 1TB,38653.0,Yes,Yes,No,Yes
2139,2024-03-06,Inside Rangamati,31,F,iPhone 16 Pro Max 1TB,73424.0,No,Yes,No,No
6961,2025-01-03,Rangamati Sadar,35,M,iPhone 16 Pro Max 1TB,199682.0,No,No,Yes,Yes
8123,2024-12-31,Rangamati Sadar,23,F,iPhone 16 Pro Max 1TB,64463.0,Yes,No,No,Yes
3018,2024-12-11,Outside Rangamati,29,F,iPhone 16 Pro Max 1TB,46426.0,Yes,Yes,No,No
6155,2024-07-13,Rangamati Sadar,39,F,iPhone 16 Pro Max 1TB,52838.0,Yes,No,Yes,No
4785,2024-07-18,Outside Rangamati,38,M,iPhone 16 Pro Max 1TB,62198.0,Yes,No,No,Yes
6285,2025-09-03,Rangamati Sadar,34,M,iPhone 16 Pro Max 1TB,199870.0,Yes,Yes,No,Yes
4459,2024-06-24,Outside Rangamati,24,F,iPhone 16 Pro Max 1TB,71303.0,Yes,Yes,No,No
5579,2024-10-14,Outside Rangamati,49,M,iPhone 16 Pro Max 1TB,73112.0,Yes,No,No,No
1771,2024-06-28,Inside Rangamati,18,M,iPhone 16 Pro Max 1TB,73214.0,Yes,No,No,Yes
8549,2024-10-12,Rangamati Sadar,38,M,iPhone 16 Pro Max 1TB,58379.0,No,No,No,Yes
527,2025-01-27,Inside Rangamati,43,M,iPhone 16 Pro Max 1TB,63442.0,Yes,No,No,Yes
1134,2024-07-12,Inside Rangamati,43,M,iPhone 16 Pro Max 1TB,199842.0,No,No,No,Yes
567,2025-01-28,Inside Rangamati,39,M,iPhone 16 Pro Max 1TB,58560.0,No,Yes,No,No
8280,2025-01-22,Rangamati Sadar,35,F,iPhone 16 Pro Max 1TB,65390.0,No,No,No,Yes
6010,2025-01-24,Rangamati Sadar,27,F,iPhone 16 Pro Max 1TB,66396.0,Yes,No,No,Yes
3324,2025-02-15,Outside Rangamati,46,F,iPhone 16 Pro Max 1TB,58773.0,Yes,No,Yes,No
6178,2025-02-02,Rangamati Sadar,29,F,iPhone 16 Pro Max 1TB,49218.0,No,Yes,No,Yes
7021,2024-06-28,Rangamati Sadar,27,F,iPhone 16 Pro Max 1TB,45707.0,No,No,No,No
6027,2025-08-02,Rangamati Sadar,50,M,iPhone 16 Pro Max 1TB,200465.0,Yes,No,Yes,Yes
6052,2024-07-17,Rangamati Sadar,24,F,iPhone 16 Pro Max 1TB,199635.0,Yes,No,No,No
2377,2024-10-22,Inside Rangamati,33,F,iPhone 16 Pro Max 1TB,200054.0,Yes,Yes,Yes,No
2900,2024-10-24,Outside Rangamati,46,F,iPhone 16 Pro Max 1TB,41107.0,Yes,No,No,Yes
8208,2025-01-19,Rangamati Sadar,25,F,iPhone 16 Pro Max 1TB,59493.0,No,No,No,Yes
7692,2024-10-22,Rangamati Sadar,37,M,iPhone 16 Pro Max 1TB,45317.0,No,No,No,No
7012,2024-06-26,Rangamati Sadar,20,M,iPhone 16 Pro Max 1TB,68686.0,No,No,No,Yes
2332,2025-09-02,Inside Rangamati,23,F,iPhone 16 Pro Max 1TB,199867.0,No,Yes,No,No
1571,2024-06-20,Inside Rangamati,49,F,iPhone 16 Pro Max 1TB,199753.0,No,No,No,Yes
4676,2024-07-08,Outside Rangamati,40,F,iPhone 16 Pro Max 1TB,46796.0,Yes,No,Yes,No
3780,2025-02-26,Outside Rangamati,43,M,iPhone 16 Pro Max 1TB,199701.0,Yes,No,Yes,No
5029,2024-06-29,Outside Rangamati,37,M,iPhone 16 Pro Max 1TB,45555.0,Yes,No,No,No
4908,2024-08-19,Outside Rangamati,42,M,iPhone 16 Pro Max 1TB,200282.0,No,No,No,Yes
8251,2025-01-18,Rangamati Sadar,31,M,iPhone 16 Pro Max 1TB,38747.0,No,No,No,Yes
1796,2025-02-21,Inside Rangamati,21,M,iPhone 16 Pro Max 1TB,40910.0,No,Yes,No,Yes
2861,2025-02-14,Inside Rangamati,24,M,iPhone 16 Pro Max 1TB,70346.0,No,Yes,No,Yes
6427,2024-06-13,Rangamati Sadar,44,M,iPhone 16 Pro Max 1TB,199510.0,No,Yes,No,Yes
334,2024-12-08,Inside Rangamati,18,M,iPhone 16 Pro Max 1TB,40143.0,Yes,Yes,No,Yes
3764,2025-02-25,Outside Rangamati,46,M,iPhone 16 Pro Max 1TB,41446.0,No,No,No,Yes
6324,2025-11-03,Rangamati Sadar,49,M,iPhone 16 Pro Max 1TB,200148.0,No,Yes,No,Yes
5920,2024-12-07,Rangamati Sadar,50,F,iPhone 16 Pro Max 1TB,200254.0,No,Yes,No,Yes
6429,2025-06-03,Rangamati Sadar,46,M,iPhone 16 Pro Max 1TB,199784.0,No,No,Yes,Yes
3281,2024-10-30,Outside Rangamati,27,F,iPhone 16 Pro Max 1TB,38553.0,No,No,No,Yes
8861,2024-08-23,Rangamati Sadar,35,F,iPhone 16 Pro Max 1TB,41770.0,No,No,No,Yes
6504,2024-05-31,Rangamati Sadar,33,M,iPhone 16 Pro Max 1TB,74307.0,Yes,No,No,Yes
7537,2024-09-30,Rangamati Sadar,29,F,iPhone 16 Pro Max 1TB,200262.0,No,No,No,Yes
3457,2025-04-02,Outside Rangamati,46,F,iPhone 16 Pro Max 1TB,74981.0,Yes,No,No,Yes
8807,2024-08-26,Rangamati Sadar,31,F,iPhone 16 Pro Max 1TB,70911.0,No,No,Yes,No
4869,2024-08-27,Outside Rangamati,37,M,iPhone 16 Pro Max 1TB,70944.0,No,No,No,Yes
8499,2024-08-28,Rangamati Sadar,33,F,iPhone 16 Pro Max 1TB,199585.0,No,Yes,Yes,No
5768,2024-10-06,Outside Rangamati,26,F,iPhone 16 Pro Max 1TB,44659.0,Yes,Yes,No,No
6913,2025-02-24,Rangamati Sadar,34,F,iPhone 16 Pro Max 1TB,69609.0,No,Yes,Yes,No
4664,2024-07-19,Outside Rangamati,20,F,iPhone 16 Pro Max 1TB,59333.0,No,No,No,Yes
1645,2024-06-18,Inside Rangamati,32,M,iPhone 16 Pro Max 1TB,53683.0,No,No,No,Yes
6328,2024-07-06,Rangamati Sadar,35,M,iPhone 16 Pro Max 1TB,200311.0,Yes,No,No,No
4236,2025-01-25,Outside Rangamati,32,F,iPhone 16 Pro Max 1TB,71419.0,No,No,No,No
1832,2024-06-22,Inside Rangamati,26,F,iPhone 16 Pro Max 1TB,200090.0,Yes,Yes,No,Yes
4218,2025-01-25,Outside Rangamati,38,M,iPhone 16 Pro Max 1TB,200353.0,Yes,No,No,Yes
4473,2024-06-22,Outside Rangamati,33,M,iPhone 16 Pro Max 1TB,54839.0,Yes,No,No,Yes
8436,2024-01-09,Rangamati Sadar,47,F,iPhone 16 Pro Max 1TB,199786.0,No,No,No,Yes
6866,2025-12-02,Rangamati Sadar,28,F,iPhone 16 Pro Max 1TB,56550.0,No,No,No,No
2738,2025-02-17,Inside Rangamati,20,M,iPhone 16 Pro Max 1TB,199559.0,Yes,Yes,No,Yes
7539,2024-10-15,Rangamati Sadar,28,M,iPhone 16 Pro Max 1TB,39401.0,No,No,No,No
6496,2024-05-30,Rangamati Sadar,23,M,iPhone 16 Pro Max 1TB,200333.0,Yes,Yes,Yes,Yes
390,2025-01-25,Inside Rangamati,42,M,iPhone 16 Pro Max 1TB,55951.0,No,No,No,No
4093,2024-12-12,Outside Rangamati,22,M,iQOO Neo 9 Pro 5G 12/256,40073.0,No,No,No,No
2479,2025-01-02,Inside Rangamati,46,F,iQOO Neo 9 Pro 5G 12/256,40568.0,No,No,Yes,No
2588,2025-02-15,Inside Rangamati,49,F,iQOO Neo 9 Pro 5G 12/256,40512.0,Yes,No,Yes,Yes
6679,2025-01-03,Rangamati Sadar,31,F,iQOO Neo 9 Pro 5G 12/256,40098.0,No,Yes,Yes,Yes
8862,2024-12-24,Rangamati Sadar,18,F,iQOO Neo 9 Pro 5G 12/256,40483.0,No,No,No,Yes
8712,2024-12-30,Rangamati Sadar,23,M,iQOO Neo 9 Pro 5G 12/256,40230.0,No,No,Yes,Yes
4149,2025-01-16,Outside Rangamati,48,M,iQOO Neo 9 Pro 5G 12/256,40378.0,No,No,No,No
3820,2025-02-03,Outside Rangamati,40,F,iQOO Neo 9 Pro 5G 12/256,40982.0,No,No,Yes,No
6256,2025-01-28,Rangamati Sadar,36,F,iQOO Neo 9 Pro 5G 12/256,40674.0,No,Yes,No,Yes
3469,2025-02-02,Outside Rangamati,42,F,iQOO Neo 9 Pro 5G 12/256,40082.0,No,Yes,Yes,No
1658,2025-02-03,Inside Rangamati,34,F,iQOO Neo 9 Pro 5G 12/256,40346.0,No,No,No,Yes
6413,2025-02-03,Rangamati Sadar,28,M,iQOO Neo 9 Pro 5G 12/256,40605.0,Yes,Yes,No,Yes
3982,2024-12-24,Outside Rangamati,31,M,iQOO Neo 9 Pro 5G 12/256,40842.0,No,Yes,No,No
4243,2025-01-19,Outside Rangamati,46,F,iQOO Neo 9 Pro 5G 12/256,40840.0,Yes,No,No,No
1244,2024-12-24,Inside Rangamati,24,M,iQOO Neo 9 Pro 5G 12/256,40332.0,No,Yes,No,Yes
3083,2024-07-11,Outside Rangamati,46,F,iQOO Neo 9 Pro 5G 12/256,40859.0,No,No,No,No
3987,2024-12-23,Outside Rangamati,45,F,iQOO Neo 9 Pro 5G 12/256,40659.0,Yes,No,No,No
3320,2025-02-15,Outside Rangamati,30,M,iQOO Neo 9 Pro 5G 12/256,40123.0,Yes,Yes,Yes,Yes
4927,2024-07-07,Outside Rangamati,27,F,iQOO Neo 9 Pro 5G 12/256,40934.0,No,No,Yes,No
6789,2024-07-07,Rangamati Sadar,25,F,iQOO Neo 9 Pro 5G 12/256,40808.0,Yes,No,Yes,Yes
3086,2024-07-11,Outside Rangamati,46,F,iQOO Neo 9 Pro 5G 12/256,40443.0,Yes,Yes,No,Yes
4023,2024-07-12,Outside Rangamati,41,F,iQOO Neo 9 Pro 5G 12/256,40723.0,No,Yes,No,Yes
3731,2025-02-28,Outside Rangamati,34,M,iQOO Neo 9 Pro 5G 12/256,40231.0,Yes,Yes,No,No
8855,2024-12-23,Rangamati Sadar,46,F,iQOO Neo 9 Pro 5G 12/256,40817.0,Yes,No,No,Yes
5842,2024-09-27,Outside Rangamati,41,M,iQOO Neo 9 Pro 5G 12/256,40782.0,No,No,No,Yes
8641,2024-12-12,Rangamati Sadar,22,F,iQOO Neo 9 Pro 5G 12/256,40297.0,No,Yes,Yes,Yes
3971,2024-12-21,Outside Rangamati,43,M,iQOO Neo 9 Pro 5G 12/256,40587.0,No,No,No,No
3974,2024-12-21,Outside Rangamati,48,M,iQOO Neo 9 Pro 5G 12/256,40295.0,Yes,Yes,No,Yes
3992,2024-12-22,Outside Rangamati,26,F,iQOO Neo 9 Pro 5G 12/256,40501.0,No,No,Yes,No
8783,2024-12-22,Rangamati Sadar,44,M,iQOO Neo 9 Pro 5G 12/256,40906.0,No,Yes,Yes,Yes
3983,2024-12-23,Outside Rangamati,48,F,iQOO Neo 9 Pro 5G 12/256,40998.0,Yes,Yes,Yes,Yes
4539,2024-10-09,Outside Rangamati,32,F,iQOO Neo 9 Pro 5G 12/256,40485.0,No,Yes,Yes,Yes
3413,2025-02-18,Outside Rangamati,45,F,iQOO Neo 9 Pro 5G 12/256,40420.0,Yes,Yes,No,Yes
3188,2024-11-27,Outside Rangamati,19,F,iQOO Neo 9 Pro 5G 12/256,40068.0,Yes,No,No,Yes
1879,2025-02-24,Inside Rangamati,36,M,iQOO Neo 9 Pro 5G 12/256,40765.0,Yes,No,No,No
155,2024-11-14,Inside Rangamati,34,M,iQOO Neo 9 Pro 5G 12/256,40549.0,No,No,Yes,Yes
7825,2024-11-14,Rangamati Sadar,40,M,iQOO Neo 9 Pro 5G 12/256,40785.0,Yes,Yes,No,No
7222,2024-11-17,Rangamati Sadar,50,M,iQOO Neo 9 Pro 5G 12/256,40622.0,No,No,No,Yes
1261,2024-11-18,Inside Rangamati,50,M,iQOO Neo 9 Pro 5G 12/256,40577.0,Yes,Yes,No,Yes
3231,2024-11-18,Outside Rangamati,43,F,iQOO Neo 9 Pro 5G 12/256,40413.0,Yes,No,Yes,Yes
3270,2024-11-21,Outside Rangamati,19,F,iQOO Neo 9 Pro 5G 12/256,40023.0,Yes,Yes,No,No
8625,2024-11-12,Rangamati Sadar,43,F,iQOO Neo 9 Pro 5G 12/256,40406.0,No,No,Yes,Yes
7095,2024-11-23,Rangamati Sadar,21,M,iQOO Neo 9 Pro 5G 12/256,40882.0,No,Yes,No,Yes
1145,2024-11-30,Inside Rangamati,35,F,iQOO Neo 9 Pro 5G 12/256,40950.0,Yes,Yes,Yes,No
5901,2024-12-07,Rangamati Sadar,18,F,iQOO Neo 9 Pro 5G 12/256,40440.0,Yes,Yes,No,Yes
1127,2024-12-09,Inside Rangamati,32,M,iQOO Neo 9 Pro 5G 12/256,40389.0,No,No,Yes,No
4612,2024-12-09,Outside Rangamati,49,M,iQOO Neo 9 Pro 5G 12/256,40115.0,No,No,No,No
7404,2024-12-09,Rangamati Sadar,23,M,iQOO Neo 9 Pro 5G 12/256,40849.0,Yes,Yes,No,No
2999,2024-11-13,Outside Rangamati,34,M,iQOO Neo 9 Pro 5G 12/256,40643.0,Yes,No,No,Yes
2033,2024-07-06,Inside Rangamati,24,M,iQOO Neo 9 Pro 5G 12/256,40491.0,Yes,No,No,No
3105,2024-11-11,Outside Rangamati,50,F,iQOO Neo 9 Pro 5G 12/256,40969.0,Yes,No,No,No
7599,2024-11-10,Rangamati Sadar,19,F,iQOO Neo 9 Pro 5G 12/256,40625.0,Yes,No,No,Yes
7413,2024-11-09,Rangamati Sadar,50,M,iQOO Neo 9 Pro 5G 12/256,40187.0,Yes,No,No,Yes
3771,2025-02-26,Outside Rangamati,35,F,iQOO Neo 9 Pro 5G 12/256,40826.0,Yes,Yes,No,No
8402,2025-01-14,Rangamati Sadar,46,F,iQOO Neo 9 Pro 5G 12/256,40008.0,Yes,No,No,Yes
4528,2024-10-09,Outside Rangamati,35,M,iQOO Neo 9 Pro 5G 12/256,40281.0,No,No,No,No
935,2024-12-12,Inside Rangamati,23,F,iQOO Neo 9 Pro 5G 12/256,40333.0,No,No,No,No
5318,2024-12-10,Outside Rangamati,43,F,iQOO Neo 9 Pro 5G 12/256,40219.0,No,No,No,Yes
5267,2024-10-10,Outside Rangamati,38,M,iQOO Neo 9 Pro 5G 12/256,40890.0,No,No,No,Yes
787,2024-10-12,Inside Rangamati,21,M,iQOO Neo 9 Pro 5G 12/256,40685.0,Yes,No,Yes,No
5435,2024-10-14,Outside Rangamati,37,F,iQOO Neo 9 Pro 5G 12/256,40439.0,No,No,No,Yes
5580,2024-10-14,Outside Rangamati,50,M,iQOO Neo 9 Pro 5G 12/256,40108.0,No,Yes,No,Yes
1572,2024-10-20,Inside Rangamati,19,F,iQOO Neo 9 Pro 5G 12/256,40404.0,No,No,No,Yes
5456,2024-10-20,Outside Rangamati,31,M,iQOO Neo 9 Pro 5G 12/256,40737.0,No,No,Yes,No
3175,2024-10-29,Outside Rangamati,23,F,iQOO Neo 9 Pro 5G 12/256,40247.0,No,No,No,Yes
3232,2024-10-31,Outside Rangamati,38,M,iQOO Neo 9 Pro 5G 12/256,40818.0,No,No,No,Yes
6313,2024-11-06,Rangamati Sadar,30,M,iQOO Neo 9 Pro 5G 12/256,40233.0,Yes,Yes,No,Yes
5988,2024-11-07,Rangamati Sadar,19,M,iQOO Neo 9 Pro 5G 12/256,40532.0,No,No,Yes,Yes
2699,2025-02-20,Inside Rangamati,26,M,iQOO Neo 9 Pro 5G 12/256,40819.0,No,Yes,No,Yes
2029,2024-07-06,Inside Rangamati,49,F,iQOO Neo 9 Pro 5G 12/256,40788.0,No,No,Yes,No
4477,2024-09-17,Outside Rangamati,49,M,iQOO Neo 9 Pro 5G 12/256,40509.0,No,No,No,No
4502,2024-06-25,Outside Rangamati,30,F,iQOO Neo 9 Pro 5G 12/256,40657.0,No,Yes,No,Yes
5582,2024-10-15,Outside Rangamati,28,M,iQOO Neo 9 Pro 5G 12/256,40315.0,No,Yes,No,Yes
3775,2025-02-26,Outside Rangamati,42,M,iQOO Neo 9 Pro 5G 12/256,40032.0,Yes,No,Yes,Yes
2562,2024-07-16,Inside Rangamati,19,F,iQOO Neo 9 Pro 5G 12/256,40507.0,Yes,Yes,No,No
2445,2024-07-17,Inside Rangamati,20,M,iQOO Neo 9 Pro 5G 12/256,40275.0,Yes,No,No,Yes
5960,2024-07-20,Rangamati Sadar,35,M,iQOO Neo 9 Pro 5G 12/256,40072.0,No,No,No,Yes
410,2024-07-24,Inside Rangamati,18,M,iQOO Neo 9 Pro 5G 12/256,40997.0,No,Yes,Yes,No
2105,2025-05-03,Inside Rangamati,18,M,iQOO Neo 9 Pro 5G 12/256,40284.0,Yes,No,No,Yes
5431,2024-07-24,Outside Rangamati,49,F,iQOO Neo 9 Pro 5G 12/256,40282.0,Yes,Yes,Yes,Yes
8308,2024-07-29,Rangamati Sadar,28,F,iQOO Neo 9 Pro 5G 12/256,40139.0,Yes,No,Yes,No
5549,2024-07-30,Outside Rangamati,49,M,iQOO Neo 9 Pro 5G 12/256,40289.0,Yes,No,No,Yes
6832,2024-08-07,Rangamati Sadar,45,F,iQOO Neo 9 Pro 5G 12/256,40588.0,No,No,No,Yes
3091,2024-08-11,Outside Rangamati,20,M,iQOO Neo 9 Pro 5G 12/256,40825.0,No,No,No,No
339,2024-08-13,Inside Rangamati,24,F,iQOO Neo 9 Pro 5G 12/256,40895.0,No,No,No,Yes
4422,2024-08-13,Outside Rangamati,25,F,iQOO Neo 9 Pro 5G 12/256,40472.0,No,No,No,Yes
689,2024-07-29,Inside Rangamati,26,M,iQOO Neo 9 Pro 5G 12/256,40626.0,Yes,No,Yes,Yes
222,2024-08-14,Inside Rangamati,41,M,iQOO Neo 9 Pro 5G 12/256,44468.0,No,No,No,No
6070,2025-03-02,Rangamati Sadar,45,F,iQOO Neo 9 Pro 5G 12/256,40985.0,No,No,No,Yes
2177,2025-03-15,Inside Rangamati,42,F,iQOO Neo 9 Pro 5G 12/256,40986.0,Yes,No,Yes,Yes
3633,2025-12-03,Outside Rangamati,21,F,iQOO Neo 9 Pro 5G 12/256,40773.0,No,No,No,Yes
3704,2025-03-19,Outside Rangamati,45,F,iQOO Neo 9 Pro 5G 12/256,40577.0,Yes,Yes,No,Yes
75,2025-10-01,Inside Rangamati,20,F,iQOO Neo 9 Pro 5G 12/256,40509.0,No,Yes,No,Yes
6647,2025-03-17,Rangamati Sadar,50,F,iQOO Neo 9 Pro 5G 12/256,40682.0,Yes,No,Yes,No
2437,2025-03-02,Inside Rangamati,37,F,iQOO Neo 9 Pro 5G 12/256,40171.0,No,No,No,No
2438,2025-03-02,Inside Rangamati,44,M,iQOO Neo 9 Pro 5G 12/256,40150.0,No,No,Yes,No
3673,2025-03-22,Outside Rangamati,45,F,iQOO Neo 9 Pro 5G 12/256,40348.0,Yes,No,No,Yes
3659,2025-03-20,Outside Rangamati,39,F,iQOO Neo 9 Pro 5G 12/256,40387.0,No,Yes,Yes,No
3591,2025-03-15,Outside Rangamati,20,M,iQOO Neo 9 Pro 5G 12/256,40321.0,Yes,No,Yes,Yes
3341,2025-10-02,Outside Rangamati,47,F,iQOO Neo 9 Pro 5G 12/256,40149.0,Yes,Yes,Yes,Yes
3803,2025-07-03,Outside Rangamati,37,M,iQOO Neo 9 Pro 5G 12/256,40418.0,Yes,No,No,Yes
3363,2025-11-02,Outside Rangamati,43,M,iQOO Neo 9 Pro 5G 12/256,40446.0,No,Yes,No,No
3799,2025-07-03,Outside Rangamati,38,F,iQOO Neo 9 Pro 5G 12/256,40289.0,No,No,No,Yes
6045,2025-03-02,Rangamati Sadar,49,M,iQOO Neo 9 Pro 5G 12/256,40580.0,No,Yes,Yes,No
8156,2025-04-01,Rangamati Sadar,33,F,iQOO Neo 9 Pro 5G 12/256,40717.0,Yes,No,No,No
5077,2024-08-16,Outside Rangamati,48,M,iQOO Neo 9 Pro 5G 12/256,40270.0,No,Yes,Yes,Yes
5178,2024-08-18,Outside Rangamati,38,M,iQOO Neo 9 Pro 5G 12/256,40573.0,No,No,No,Yes
1246,2024-08-22,Inside Rangamati,41,M,iQOO Neo 9 Pro 5G 12/256,40074.0,Yes,No,Yes,No
5357,2024-03-08,Outside Rangamati,37,M,iQOO Neo 9 Pro 5G 12/256,40876.0,No,No,No,No
5183,2024-03-09,Outside Rangamati,50,M,iQOO Neo 9 Pro 5G 12/256,45835.0,No,No,No,Yes
696,2024-03-10,Inside Rangamati,40,F,iQOO Neo 9 Pro 5G 12/256,40857.0,No,No,No,No
7792,2024-03-10,Rangamati Sadar,34,M,iQOO Neo 9 Pro 5G 12/256,40712.0,No,No,No,Yes
4044,2024-03-12,Outside Rangamati,34,M,iQOO Neo 9 Pro 5G 12/256,40512.0,No,No,Yes,No
7904,2024-04-11,Rangamati Sadar,26,F,iQOO Neo 9 Pro 5G 12/256,40339.0,Yes,No,No,No
129,2024-03-08,Inside Rangamati,49,F,iQOO Neo 9 Pro 5G 12/256,40271.0,No,No,No,No
8637,2024-05-09,Rangamati Sadar,18,F,iQOO Neo 9 Pro 5G 12/256,40157.0,Yes,Yes,Yes,Yes
2428,2024-05-27,Inside Rangamati,27,F,iQOO Neo 9 Pro 5G 12/256,40089.0,Yes,Yes,No,Yes
5453,2024-05-28,Outside Rangamati,42,M,iQOO Neo 9 Pro 5G 12/256,40262.0,Yes,No,No,Yes
5521,2024-05-28,Outside Rangamati,30,M,iQOO Neo 9 Pro 5G 12/256,40496.0,No,No,No,Yes
6573,2024-05-28,Rangamati Sadar,36,M,iQOO Neo 9 Pro 5G 12/256,40069.0,Yes,No,Yes,Yes
1699,2024-06-18,Inside Rangamati,38,M,iQOO Neo 9 Pro 5G 12/256,40086.0,Yes,Yes,No,Yes
4790,2024-06-18,Outside Rangamati,42,F,iQOO Neo 9 Pro 5G 12/256,40547.0,No,No,No,No
4003,2024-05-12,Outside Rangamati,50,M,iQOO Neo 9 Pro 5G 12/256,40824.0,No,Yes,No,No
7810,2024-02-10,Rangamati Sadar,37,F,iQOO Neo 9 Pro 5G 12/256,40842.0,No,No,No,No
5142,2024-02-09,Outside Rangamati,19,F,iQOO Neo 9 Pro 5G 12/256,40253.0,Yes,No,Yes,No
5342,2024-02-08,Outside Rangamati,19,F,iQOO Neo 9 Pro 5G 12/256,40070.0,Yes,Yes,No,Yes
4979,2024-08-25,Outside Rangamati,36,F,iQOO Neo 9 Pro 5G 12/256,40274.0,Yes,Yes,No,Yes
4917,2024-08-30,Outside Rangamati,18,F,iQOO Neo 9 Pro 5G 12/256,40821.0,No,Yes,Yes,Yes
824,2024-09-09,Inside Rangamati,21,M,iQOO Neo 9 Pro 5G 12/256,40310.0,Yes,No,No,No
1034,2024-09-15,Inside Rangamati,25,F,iQOO Neo 9 Pro 5G 12/256,40298.0,No,Yes,No,No
7502,2024-09-15,Rangamati Sadar,39,F,iQOO Neo 9 Pro 5G 12/256,40711.0,No,No,No,Yes
1023,2024-09-16,Inside Rangamati,29,F,iQOO Neo 9 Pro 5G 12/256,40009.0,No,No,No,Yes
7443,2024-09-18,Rangamati Sadar,33,F,iQOO Neo 9 Pro 5G 12/256,40739.0,No,No,No,Yes
1494,2024-09-23,Inside Rangamati,41,F,iQOO Neo 9 Pro 5G 12/256,40788.0,No,No,No,Yes
1237,2024-09-24,Inside Rangamati,43,F,iQOO Neo 9 Pro 5G 12/256,40760.0,No,Yes,No,Yes
7273,2024-09-25,Rangamati Sadar,25,F,iQOO Neo 9 Pro 5G 12/256,40599.0,Yes,No,No,Yes
6083,2024-07-15,Rangamati Sadar,41,M,iQOO Neo 9 Pro 5G 12/256,40687.0,No,No,No,No
7284,2024-09-25,Rangamati Sadar,38,F,iQOO Neo 9 Pro 5G 12/256,40092.0,Yes,Yes,No,Yes
6056,2024-07-15,Rangamati Sadar,33,M,iQOO Neo 9 Pro 5G 12/256,40750.0,Yes,No,No,Yes
1068,2024-07-12,Inside Rangamati,27,F,iQOO Neo 9 Pro 5G 12/256,40438.0,No,Yes,No,Yes
8445,2024-01-09,Rangamati Sadar,18,M,iQOO Neo 9 Pro 5G 12/256,40807.0,Yes,No,Yes,Yes
2736,2024-06-30,Inside Rangamati,36,M,iQOO Neo 9 Pro 5G 12/256,40489.0,No,No,No,Yes
3436,2025-09-02,Outside Rangamati,42,F,iQOO Z7 5G 6/128,141086.0,No,No,Yes,No
